date,description,net_amount,vat_amount,category
02/01/2026,Project - Contract Mandays (supplier controlled),49545.45,0.0,PROJECT Mandays Supp
02/01/2026,Project - Contract Mandays (supplier controlled),25894.29,0.0,PROJECT Mandays Supp
02/01/2026,Project - Contract Mandays (supplier controlled),275485.22,0.0,PROJECT Mandays Supp
02/01/2026,Project - Contract Mandays (supplier controlled),79796.25,0.0,PROJECT Mandays Supp
02/01/2026,Project - Contract Mandays (supplier controlled),51275.63,0.0,PROJECT Mandays Supp
02/01/2026,Project - Contract Mandays (supplier controlled),22433.09,0.0,PROJECT Mandays Supp
02/01/2026,Project - Contract Mandays (supplier controlled),21115.9,0.0,PROJECT Mandays Supp
02/01/2026,Project - Contract Mandays (supplier controlled),22433.08,0.0,PROJECT Mandays Supp
02/01/2026,Project - Contract Mandays (supplier controlled),79796.25,0.0,PROJECT Mandays Supp
05/01/2026,Project - Contract Mandays (supplier controlled),21115.9,0.0,PROJECT Mandays Supp
05/01/2026,Project - Contract Mandays (supplier controlled),132679.38,0.0,PROJECT Mandays Supp
05/01/2026,Project - Contract Mandays (supplier controlled),129404.13,0.0,PROJECT Mandays Supp
05/01/2026,Project - Contract Mandays (supplier controlled),29882.5,0.0,PROJECT Mandays Supp
05/01/2026,Project - Contract Mandays (supplier controlled),26280.0,0.0,PROJECT Mandays Supp
05/01/2026,Project - Contract Mandays (supplier controlled),8151.98,0.0,PROJECT Mandays Supp
05/01/2026,Project - Contract Mandays (supplier controlled),709.18,0.0,PROJECT Mandays Supp
05/01/2026,Project - Contract Mandays (supplier controlled),82679.06,0.0,PROJECT Mandays Supp
05/01/2026,Project - Contract Mandays (supplier controlled),70700.0,0.0,PROJECT Mandays Supp
05/01/2026,Project - Contract Mandays (supplier controlled),82679.07,0.0,PROJECT Mandays Supp
05/01/2026,Project - Contract Mandays (supplier controlled),106888.11,0.0,PROJECT Mandays Supp
05/01/2026,Project - Contract Mandays (supplier controlled),87138.0,0.0,PROJECT Mandays Supp
05/01/2026,Project - Contract Mandays (supplier controlled),99864.75,0.0,PROJECT Mandays Supp
05/01/2026,Project - Contract Mandays (supplier controlled),84296.25,0.0,PROJECT Mandays Supp
05/01/2026,Project - Contract Mandays (supplier controlled),28098.75,0.0,PROJECT Mandays Supp
05/01/2026,Project - Contract Mandays (supplier controlled),62307.0,0.0,PROJECT Mandays Supp
05/01/2026,Project - Contract Mandays (supplier controlled),94704.0,0.0,PROJECT Mandays Supp
05/01/2026,Project - Contract Mandays (supplier controlled),31568.0,0.0,PROJECT Mandays Supp
05/01/2026,Project - Contract Mandays (supplier controlled),62307.0,0.0,PROJECT Mandays Supp
05/01/2026,Project - Contract Mandays (supplier controlled),106888.11,0.0,PROJECT Mandays Supp
05/01/2026,Project - Contract Mandays (supplier controlled),22992.5,0.0,PROJECT Mandays Supp
05/01/2026,Project - Contract Mandays (supplier controlled),105351.78,0.0,PROJECT Mandays Supp
05/01/2026,Project - Contract Mandays (supplier controlled),12498.06,0.0,PROJECT Mandays Supp
06/01/2026,Project - Contract Mandays (supplier controlled),2836.71,0.0,PROJECT Mandays Supp
06/01/2026,Project - Contract Mandays (supplier controlled),13038.26,0.0,PROJECT Mandays Supp
06/01/2026,Project - Contract Mandays (supplier controlled),28965.87,0.0,PROJECT Mandays Supp
06/01/2026,Project - Contract Mandays (supplier controlled),34837.5,0.0,PROJECT Mandays Supp
06/01/2026,Project - Contract Mandays (supplier controlled),226824.75,0.0,PROJECT Mandays Supp
06/01/2026,Project - Contract Mandays (supplier controlled),89181.82,0.0,PROJECT Mandays Supp
06/01/2026,Project - Contract Mandays (supplier controlled),54215.0,0.0,PROJECT Mandays Supp
06/01/2026,Project - Contract Mandays (supplier controlled),2831.18,0.0,PROJECT Mandays Supp
06/01/2026,Project - Contract Mandays (supplier controlled),253423.91,0.0,PROJECT Mandays Supp
06/01/2026,Project - Contract Mandays (supplier controlled),6506.85,0.0,PROJECT Mandays Supp
06/01/2026,Project - Contract Mandays (supplier controlled),15312.94,0.0,PROJECT Mandays Supp
06/01/2026,Project - Contract Mandays (supplier controlled),13718.61,0.0,PROJECT Mandays Supp
06/01/2026,Project - Contract Mandays (supplier controlled),8045.78,0.0,PROJECT Mandays Supp
06/01/2026,Project - Contract Mandays (supplier controlled),127170.07,0.0,PROJECT Mandays Supp
06/01/2026,Project - Contract Mandays (supplier controlled),27739.93,0.0,PROJECT Mandays Supp
06/01/2026,Project - Contract Mandays (supplier controlled),26982.5,0.0,PROJECT Mandays Supp
06/01/2026,Project - Contract Mandays (supplier controlled),171761.3,0.0,PROJECT Mandays Supp
06/01/2026,Project - Contract Mandays (supplier controlled),20925.12,0.0,PROJECT Mandays Supp
06/01/2026,Project - Contract Mandays (supplier controlled),194370.47,0.0,PROJECT Mandays Supp
06/01/2026,Project - Contract Mandays (supplier controlled),360678.0,0.0,PROJECT Mandays Supp
06/01/2026,Project - Contract Mandays (supplier controlled),454596.67,0.0,PROJECT Mandays Supp
06/01/2026,Project - Contract Mandays (supplier controlled),294301.84,0.0,PROJECT Mandays Supp
06/01/2026,Project - Contract Mandays (supplier controlled),176360.1,0.0,PROJECT Mandays Supp
06/01/2026,Project - Contract Mandays (supplier controlled),240820.21,0.0,PROJECT Mandays Supp
06/01/2026,Contractor Service,642305.0,0.0,Contin Labor Build
06/01/2026,Contractor Service,506070.0,0.0,Contin Labor Build
06/01/2026,Contractor Service,982153.0,0.0,Contin Labor Build
06/01/2026,Contractor Service,29091.86,0.0,Contin Labor Build
06/01/2026,Project - Contract Mandays (supplier controlled),37675.1,0.0,PROJECT Mandays Supp
06/01/2026,Project - Contract Mandays (supplier controlled),22191.81,0.0,PROJECT Mandays Supp
06/01/2026,Project - Contract Mandays (supplier controlled),22928.12,0.0,PROJECT Mandays Supp
06/01/2026,Project - Contract Mandays (supplier controlled),599218.86,0.0,PROJECT Mandays Supp
06/01/2026,Project - Contract Mandays (supplier controlled),618843.57,0.0,PROJECT Mandays Supp
06/01/2026,Contractor Service,40000.0,0.0,Contin Labor Build
06/01/2026,Contractor Service,40000.0,0.0,Contin Labor Build
06/01/2026,Project - Contract Mandays (supplier controlled),58005.0,0.0,PROJECT Mandays Supp
06/01/2026,Project - Contract Mandays (supplier controlled),71615.0,0.0,PROJECT Mandays Supp
06/01/2026,Project - Contract Mandays (supplier controlled),374287.0,0.0,PROJECT Mandays Supp
06/01/2026,Project - Contract Mandays (supplier controlled),660558.1,0.0,PROJECT Mandays Supp
06/01/2026,Project - Contract Mandays (supplier controlled),572362.4,0.0,PROJECT Mandays Supp
06/01/2026,Project - Contract Mandays (supplier controlled),219.07,0.0,PROJECT Mandays Supp
06/01/2026,Project - Contract Mandays (supplier controlled),858.0,0.0,PROJECT Mandays Supp
06/01/2026,Project - Contract Mandays (supplier controlled),89874.24,0.0,PROJECT Mandays Supp
06/01/2026,Project - Contract Mandays (supplier controlled),24351.0,0.0,PROJECT Mandays Supp
06/01/2026,Project - Contract Mandays (supplier controlled),29000.0,0.0,PROJECT Mandays Supp
06/01/2026,Project - Contract Mandays (supplier controlled),55827.22,0.0,PROJECT Mandays Supp
06/01/2026,Project - Contract Mandays (supplier controlled),143802.01,0.0,PROJECT Mandays Supp
06/01/2026,Project - Contract Mandays (supplier controlled),23296.0,0.0,PROJECT Mandays Supp
06/01/2026,Project - Contract Mandays (supplier controlled),53899.0,0.0,PROJECT Mandays Supp
06/01/2026,Project - Contract Mandays (supplier controlled),26888.44,0.0,PROJECT Mandays Supp
06/01/2026,Project - Contract Mandays (supplier controlled),69236.72,0.0,PROJECT Mandays Supp
06/01/2026,Project - Contract Mandays (supplier controlled),34618.36,0.0,PROJECT Mandays Supp
06/01/2026,Project - Contract Mandays (supplier controlled),13087.37,0.0,PROJECT Mandays Supp
06/01/2026,Project - Contract Mandays (supplier controlled),2836.71,0.0,PROJECT Mandays Supp
06/01/2026,Project - Contract Mandays (supplier controlled),107.14,0.0,PROJECT Mandays Supp
06/01/2026,Project - Contract Mandays (supplier controlled),122697.14,0.0,PROJECT Mandays Supp
06/01/2026,Project - Contract Mandays (supplier controlled),11701.43,0.0,PROJECT Mandays Supp
06/01/2026,Project - Contract Mandays (supplier controlled),19888.87,0.0,PROJECT Mandays Supp
07/01/2026,Project - Contract Mandays (supplier controlled),2127.53,0.0,PROJECT Mandays Supp
07/01/2026,Project - Contract Mandays (supplier controlled),6382.6,0.0,PROJECT Mandays Supp
07/01/2026,Project - Contract Mandays (supplier controlled),66187.5,0.0,PROJECT Mandays Supp
07/01/2026,System Management Software Maintenance,79543.75,0.0,Sys Software Maint
07/01/2026,System Management Software Maintenance,197606.25,0.0,Sys Software Maint
07/01/2026,Project - Contract Mandays (supplier controlled),100000.0,0.0,PROJECT Mandays Supp
07/01/2026,Projects,282535.06,0.0,Projects
07/01/2026,Projects,1461290.53,0.0,Projects
07/01/2026,Rent (Irrecoverable VAT),74400.0,0.0,Rent (Irrec VAT)
07/01/2026,Contracted Services,1211398.4,0.0,Contracted Services
07/01/2026,Electricity,139243.15,0.0,Electricity
07/01/2026,Software Licences - off the shelf & not integral to IT Infrastructure,418682.41,0.0,Soft Licen Off shelf
07/01/2026,Software Licences - off the shelf & not integral to IT Infrastructure,3857947.69,0.0,Soft Licen Off shelf
07/01/2026,Software Licences - off the shelf & not integral to IT Infrastructure,1130139.78,0.0,Soft Licen Off shelf
07/01/2026,Software Licences - off the shelf & not integral to IT Infrastructure,58726.6,0.0,Soft Licen Off shelf
07/01/2026,Professional membership,558.0,0.0,Prof membership
07/01/2026,Professional membership,34261.5,0.0,Prof membership
07/01/2026,Fast Stream VAT Exempt,287131.68,0.0,Fast Strm VAT Exmpt
07/01/2026,Project - Contract Mandays (supplier controlled),50050.0,0.0,PROJECT Mandays Supp
07/01/2026,Project - Contract Mandays (supplier controlled),1304320.08,0.0,PROJECT Mandays Supp
07/01/2026,Project - Contract Mandays (supplier controlled),39400.72,0.0,PROJECT Mandays Supp
07/01/2026,Project - Contract Mandays (supplier controlled),55113.31,0.0,PROJECT Mandays Supp
07/01/2026,Project - Contract Mandays (supplier controlled),49495.84,0.0,PROJECT Mandays Supp
07/01/2026,Project - Contract Mandays (supplier controlled),23953.1,0.0,PROJECT Mandays Supp
07/01/2026,Project - Contract Mandays (supplier controlled),56731.5,0.0,PROJECT Mandays Supp
07/01/2026,Project - Contract Mandays (HMRC controlled),39960.0,0.0,PROJECT Mandays HMRC
07/01/2026,Project - Contract Mandays (supplier controlled),409855.27,0.0,PROJECT Mandays Supp
07/01/2026,Project - Contract Mandays (supplier controlled),48915.68,0.0,PROJECT Mandays Supp
07/01/2026,Project - Contract Mandays (supplier controlled),57262.04,0.0,PROJECT Mandays Supp
07/01/2026,Project - Contract Mandays (supplier controlled),334818.52,0.0,PROJECT Mandays Supp
07/01/2026,Software Licence Support - off the shelf,202105.27,0.0,SW Lic Sup Off shlf
07/01/2026,Project - Contract Mandays (supplier controlled),94689.79,0.0,PROJECT Mandays Supp
07/01/2026,Project - Contract Mandays (supplier controlled),26220.0,0.0,PROJECT Mandays Supp
07/01/2026,Project - Contract Mandays (supplier controlled),53768.4,0.0,PROJECT Mandays Supp
07/01/2026,Project - Contract Mandays (supplier controlled),72582.16,0.0,PROJECT Mandays Supp
07/01/2026,Project - Contract Mandays (supplier controlled),54053.3,0.0,PROJECT Mandays Supp
07/01/2026,Project - Contract Mandays (supplier controlled),85050.0,0.0,PROJECT Mandays Supp
07/01/2026,Project - Contract Mandays (supplier controlled),48800.0,0.0,PROJECT Mandays Supp
07/01/2026,Project - Contract Mandays (supplier controlled),40800.0,0.0,PROJECT Mandays Supp
07/01/2026,Project - Contract Mandays (supplier controlled),23400.0,0.0,PROJECT Mandays Supp
07/01/2026,Project - Contract Mandays (supplier controlled),45200.0,0.0,PROJECT Mandays Supp
07/01/2026,Project - Contract Mandays (supplier controlled),39040.0,0.0,PROJECT Mandays Supp
07/01/2026,Project - Contract Mandays (supplier controlled),51800.0,0.0,PROJECT Mandays Supp
07/01/2026,Project - Contract Mandays (supplier controlled),63365.25,0.0,PROJECT Mandays Supp
07/01/2026,Project - Contract Mandays (supplier controlled),50518.33,0.0,PROJECT Mandays Supp
07/01/2026,Project - Contract Mandays (supplier controlled),50435.0,0.0,PROJECT Mandays Supp
07/01/2026,Project - Contract Mandays (supplier controlled),187216.5,0.0,PROJECT Mandays Supp
07/01/2026,Project - Contract Mandays (supplier controlled),210172.0,0.0,PROJECT Mandays Supp
07/01/2026,Project - Contract Mandays (supplier controlled),205489.0,0.0,PROJECT Mandays Supp
07/01/2026,Project - Contract Mandays (supplier controlled),194451.0,0.0,PROJECT Mandays Supp
07/01/2026,Project - Contract Mandays (supplier controlled),174544.6,0.0,PROJECT Mandays Supp
07/01/2026,Project - Contract Mandays (supplier controlled),117675.0,0.0,PROJECT Mandays Supp
07/01/2026,Project - Contract Mandays (HMRC controlled),426075.6,0.0,PROJECT Mandays HMRC
07/01/2026,Project - Contract Mandays (supplier controlled),53123.91,0.0,PROJECT Mandays Supp
07/01/2026,Project - Contract Mandays (HMRC controlled),35650.49,0.0,PROJECT Mandays HMRC
07/01/2026,Project - Contract Mandays (HMRC controlled),94032.0,0.0,PROJECT Mandays HMRC
07/01/2026,Project - Contract Mandays (supplier controlled),227259.54,0.0,PROJECT Mandays Supp
07/01/2026,Project - Contract Mandays (supplier controlled),25626.63,0.0,PROJECT Mandays Supp
07/01/2026,Project - Contract Mandays (supplier controlled),22210.0,0.0,PROJECT Mandays Supp
07/01/2026,Project - Contract Mandays (supplier controlled),22018.4,0.0,PROJECT Mandays Supp
07/01/2026,Project - Contract Mandays (supplier controlled),37916.6,0.0,PROJECT Mandays Supp
07/01/2026,Project - Contract Mandays (supplier controlled),41196.75,0.0,PROJECT Mandays Supp
07/01/2026,Project - Contract Mandays (supplier controlled),29030.06,0.0,PROJECT Mandays Supp
07/01/2026,Project - Contract Mandays (supplier controlled),56605.93,0.0,PROJECT Mandays Supp
07/01/2026,Project - Contract Mandays (supplier controlled),291404.31,0.0,PROJECT Mandays Supp
07/01/2026,Project - Contract Mandays (supplier controlled),71251.86,0.0,PROJECT Mandays Supp
07/01/2026,Project - Contract Mandays (supplier controlled),40809.15,0.0,PROJECT Mandays Supp
07/01/2026,Project - Contract Mandays (supplier controlled),21203.73,0.0,PROJECT Mandays Supp
07/01/2026,Project - Contract Mandays (supplier controlled),21963.2,0.0,PROJECT Mandays Supp
07/01/2026,Project - Contract Mandays (supplier controlled),58383.69,0.0,PROJECT Mandays Supp
07/01/2026,Project - Contract Mandays (supplier controlled),39887.8,0.0,PROJECT Mandays Supp
07/01/2026,Project - Contract Mandays (supplier controlled),98296.38,0.0,PROJECT Mandays Supp
07/01/2026,Project - Contract Mandays (supplier controlled),25971.4,0.0,PROJECT Mandays Supp
07/01/2026,Project - Contract Mandays (supplier controlled),287754.45,0.0,PROJECT Mandays Supp
07/01/2026,Project - Contract Mandays (HMRC controlled),102060.0,0.0,PROJECT Mandays HMRC
07/01/2026,Project - Contract Mandays (HMRC controlled),102060.0,0.0,PROJECT Mandays HMRC
07/01/2026,Project - Contract Mandays (HMRC controlled),34560.0,0.0,PROJECT Mandays HMRC
07/01/2026,Project - Contract Mandays (HMRC controlled),48000.0,0.0,PROJECT Mandays HMRC
07/01/2026,Project - Contract Mandays (HMRC controlled),111735.6,0.0,PROJECT Mandays HMRC
07/01/2026,Project - Contract Mandays (HMRC controlled),128655.6,0.0,PROJECT Mandays HMRC
07/01/2026,Project - Contract Mandays (HMRC controlled),161974.5,0.0,PROJECT Mandays HMRC
07/01/2026,Project - Contract Mandays (HMRC controlled),218760.0,0.0,PROJECT Mandays HMRC
07/01/2026,Project - Contract Mandays (HMRC controlled),109085.4,0.0,PROJECT Mandays HMRC
07/01/2026,Project - Contract Mandays (supplier controlled),175953.44,0.0,PROJECT Mandays Supp
07/01/2026,Project - Contract Mandays (supplier controlled),60837.24,0.0,PROJECT Mandays Supp
07/01/2026,Project - Contract Mandays (supplier controlled),50628.61,0.0,PROJECT Mandays Supp
07/01/2026,Project - Contract Mandays (supplier controlled),25165.55,0.0,PROJECT Mandays Supp
07/01/2026,Project - Contract Mandays (supplier controlled),50387.5,0.0,PROJECT Mandays Supp
07/01/2026,Project - Contract Mandays (supplier controlled),25944.93,0.0,PROJECT Mandays Supp
07/01/2026,Project - Contract Mandays (HMRC controlled),108565.2,0.0,PROJECT Mandays HMRC
07/01/2026,Project - Contract Mandays (supplier controlled),59861.13,0.0,PROJECT Mandays Supp
07/01/2026,Project - Contract Mandays (supplier controlled),41858.0,0.0,PROJECT Mandays Supp
07/01/2026,Project - Contract Mandays (supplier controlled),36798.72,0.0,PROJECT Mandays Supp
07/01/2026,Project - Contract Mandays (supplier controlled),27599.04,0.0,PROJECT Mandays Supp
07/01/2026,Project - Contract Mandays (supplier controlled),56292.8,0.0,PROJECT Mandays Supp
07/01/2026,procurement contract,188780.0,0.0,procurement contract
07/01/2026,Project - Contract Mandays (supplier controlled),38265.5,0.0,PROJECT Mandays Supp
07/01/2026,procurement contract,56250.0,0.0,procurement contract
08/01/2026,procurement contract,56250.0,0.0,procurement contract
08/01/2026,procurement contract,56250.0,0.0,procurement contract
08/01/2026,procurement contract,56250.0,0.0,procurement contract
08/01/2026,procurement contract,25000.0,0.0,procurement contract
08/01/2026,procurement contract,184174.69,0.0,procurement contract
08/01/2026,procurement contract,118870.0,0.0,procurement contract
08/01/2026,procurement contract,87386.29,0.0,procurement contract
08/01/2026,Project - Contract Mandays (supplier controlled),108128.8,0.0,PROJECT Mandays Supp
08/01/2026,Project - Contract Mandays (supplier controlled),22875.0,0.0,PROJECT Mandays Supp
08/01/2026,Project - Contract Mandays (supplier controlled),-36118.92,0.0,PROJECT Mandays Supp
08/01/2026,Project - Contract Mandays (supplier controlled),46605.0,0.0,PROJECT Mandays Supp
08/01/2026,Project - Contract Mandays (supplier controlled),72151.99,0.0,PROJECT Mandays Supp
08/01/2026,Project - Contract Mandays (supplier controlled),26887.49,0.0,PROJECT Mandays Supp
08/01/2026,Project - Contract Mandays (supplier controlled),78851.21,0.0,PROJECT Mandays Supp
08/01/2026,Project - Contract Mandays (supplier controlled),87405.92,0.0,PROJECT Mandays Supp
08/01/2026,Project - Contract Mandays (supplier controlled),29739.11,0.0,PROJECT Mandays Supp
08/01/2026,Project - Contract Mandays (supplier controlled),35665.78,0.0,PROJECT Mandays Supp
08/01/2026,Project - Contract Mandays (supplier controlled),21826.07,0.0,PROJECT Mandays Supp
08/01/2026,Project - Contract Mandays (supplier controlled),28826.27,0.0,PROJECT Mandays Supp
08/01/2026,Project - Contract Mandays (supplier controlled),120393.79,0.0,PROJECT Mandays Supp
08/01/2026,Project - Contract Mandays (supplier controlled),20834.7,0.0,PROJECT Mandays Supp
08/01/2026,Project - Contract Mandays (supplier controlled),416250.0,0.0,PROJECT Mandays Supp
08/01/2026,Project - Contract Mandays (supplier controlled),139138.6,0.0,PROJECT Mandays Supp
08/01/2026,Project - Contract Mandays (supplier controlled),31057.19,0.0,PROJECT Mandays Supp
08/01/2026,Project - Contract Mandays (supplier controlled),78617.5,0.0,PROJECT Mandays Supp
08/01/2026,Project - Contract Mandays (supplier controlled),43022.71,0.0,PROJECT Mandays Supp
08/01/2026,Project - Contract Mandays (supplier controlled),24650.0,0.0,PROJECT Mandays Supp
08/01/2026,Project - Contract Mandays (supplier controlled),25556.25,0.0,PROJECT Mandays Supp
08/01/2026,Project - Contract Mandays (supplier controlled),48245.86,0.0,PROJECT Mandays Supp
08/01/2026,Project - Contract Mandays (supplier controlled),23944.35,0.0,PROJECT Mandays Supp
08/01/2026,Project - Contract Mandays (supplier controlled),29420.0,0.0,PROJECT Mandays Supp
08/01/2026,Project - Contract Mandays (supplier controlled),26895.0,0.0,PROJECT Mandays Supp
08/01/2026,Project - Contract Mandays (supplier controlled),39115.66,0.0,PROJECT Mandays Supp
08/01/2026,Project - Contract Mandays (supplier controlled),40502.75,0.0,PROJECT Mandays Supp
08/01/2026,Project - Contract Mandays (supplier controlled),307754.65,0.0,PROJECT Mandays Supp
08/01/2026,Project - Contract Mandays (supplier controlled),263865.0,0.0,PROJECT Mandays Supp
08/01/2026,Project - Contract Mandays (supplier controlled),167286.0,0.0,PROJECT Mandays Supp
08/01/2026,Project - Contract Mandays (supplier controlled),351499.51,0.0,PROJECT Mandays Supp
08/01/2026,Project - Contract Mandays (supplier controlled),117310.2,0.0,PROJECT Mandays Supp
08/01/2026,Project - Contract Mandays (supplier controlled),356069.3,0.0,PROJECT Mandays Supp
08/01/2026,Project - Contract Mandays (supplier controlled),21750.0,0.0,PROJECT Mandays Supp
08/01/2026,Project - Contract Mandays (supplier controlled),103709.93,0.0,PROJECT Mandays Supp
08/01/2026,Project - Contract Mandays (supplier controlled),67420.84,0.0,PROJECT Mandays Supp
08/01/2026,Project - Contract Mandays (supplier controlled),41727.81,0.0,PROJECT Mandays Supp
08/01/2026,Project - Contract Mandays (supplier controlled),112168.2,0.0,PROJECT Mandays Supp
08/01/2026,Project - Contract Mandays (supplier controlled),61382.8,0.0,PROJECT Mandays Supp
08/01/2026,Project - Contract Mandays (supplier controlled),24777.88,0.0,PROJECT Mandays Supp
08/01/2026,Project - Contract Mandays (supplier controlled),22373.14,0.0,PROJECT Mandays Supp
08/01/2026,Project - Contract Mandays (supplier controlled),32531.98,0.0,PROJECT Mandays Supp
08/01/2026,Project - Contract Mandays (supplier controlled),58885.53,0.0,PROJECT Mandays Supp
08/01/2026,Contractor Service,91949.5,0.0,Contin Labor Build
08/01/2026,Project - Contract Mandays (supplier controlled),82670.26,0.0,PROJECT Mandays Supp
08/01/2026,Project - Contract Mandays (supplier controlled),216204.66,0.0,PROJECT Mandays Supp
08/01/2026,Project - Contract Mandays (supplier controlled),37454.05,0.0,PROJECT Mandays Supp
08/01/2026,Project - Contract Mandays (supplier controlled),112288.81,0.0,PROJECT Mandays Supp
08/01/2026,Project - Contract Mandays (supplier controlled),25040.61,0.0,PROJECT Mandays Supp
08/01/2026,Project - Contract Mandays (supplier controlled),67776.36,0.0,PROJECT Mandays Supp
08/01/2026,Project - Contract Mandays (supplier controlled),134492.55,0.0,PROJECT Mandays Supp
08/01/2026,Project - Contract Mandays (supplier controlled),79226.88,0.0,PROJECT Mandays Supp
08/01/2026,Project - Contract Mandays (supplier controlled),29980.83,0.0,PROJECT Mandays Supp
08/01/2026,Project - Contract Mandays (supplier controlled),30534.0,0.0,PROJECT Mandays Supp
08/01/2026,Project - Contract Mandays (supplier controlled),52673.0,0.0,PROJECT Mandays Supp
08/01/2026,Project - Contract Mandays (supplier controlled),28310.0,0.0,PROJECT Mandays Supp
08/01/2026,Project - Contract Mandays (supplier controlled),42330.0,0.0,PROJECT Mandays Supp
08/01/2026,Project - Contract Mandays (supplier controlled),32992.0,0.0,PROJECT Mandays Supp
08/01/2026,Project - Contract Mandays (supplier controlled),30337.98,0.0,PROJECT Mandays Supp
09/01/2026,Project - Contract Mandays (supplier controlled),29077.62,0.0,PROJECT Mandays Supp
09/01/2026,Project - Contract Mandays (supplier controlled),30464.59,0.0,PROJECT Mandays Supp
09/01/2026,Project - Contract Mandays (supplier controlled),42695.12,0.0,PROJECT Mandays Supp
09/01/2026,Project - Contract Mandays (supplier controlled),242585.2,0.0,PROJECT Mandays Supp
09/01/2026,Project - Contract Mandays (supplier controlled),235467.0,0.0,PROJECT Mandays Supp
09/01/2026,Project - Contract Mandays (supplier controlled),57055.0,0.0,PROJECT Mandays Supp
09/01/2026,Project - Contract Mandays (supplier controlled),73375.0,0.0,PROJECT Mandays Supp
09/01/2026,Project - Contract Mandays (supplier controlled),205122.0,0.0,PROJECT Mandays Supp
09/01/2026,Project - Contract Mandays (supplier controlled),55243.23,0.0,PROJECT Mandays Supp
09/01/2026,Project - Contract Mandays (supplier controlled),23067.0,0.0,PROJECT Mandays Supp
09/01/2026,Project - Contract Mandays (HMRC controlled),46994.4,0.0,PROJECT Mandays HMRC
09/01/2026,Project - Contract Mandays (supplier controlled),27620.0,0.0,PROJECT Mandays Supp
09/01/2026,Project - Contract Mandays (supplier controlled),29912.5,0.0,PROJECT Mandays Supp
09/01/2026,Project - Contract Mandays (supplier controlled),69600.33,0.0,PROJECT Mandays Supp
09/01/2026,Project - Contract Mandays (supplier controlled),46446.35,0.0,PROJECT Mandays Supp
09/01/2026,Project - Contract Mandays (supplier controlled),63761.03,0.0,PROJECT Mandays Supp
09/01/2026,Project - Contract Mandays (supplier controlled),69537.19,0.0,PROJECT Mandays Supp
09/01/2026,Project - Contract Mandays (supplier controlled),35712.56,0.0,PROJECT Mandays Supp
09/01/2026,Project - Contract Mandays (supplier controlled),108759.02,0.0,PROJECT Mandays Supp
09/01/2026,Project - Contract Mandays (supplier controlled),30766.68,0.0,PROJECT Mandays Supp
09/01/2026,Project - Contract Mandays (supplier controlled),43137.4,0.0,PROJECT Mandays Supp
09/01/2026,Project - Contract Mandays (supplier controlled),165454.0,0.0,PROJECT Mandays Supp
09/01/2026,Project - Contract Mandays (supplier controlled),44730.0,0.0,PROJECT Mandays Supp
09/01/2026,Project - Contract Mandays (supplier controlled),72942.29,0.0,PROJECT Mandays Supp
09/01/2026,Project - Contract Mandays (supplier controlled),119937.72,0.0,PROJECT Mandays Supp
09/01/2026,Project - Contract Mandays (supplier controlled),95005.24,0.0,PROJECT Mandays Supp
09/01/2026,Project - Contract Mandays,113586.79,0.0,PROJECT Mandays Supp
09/01/2026,Project - Contract Mandays,49687.27,0.0,PROJECT Mandays Supp
09/01/2026,Project - Contract Mandays,228650.93,0.0,PROJECT Mandays Supp
09/01/2026,Project - Contract Mandays,134127.44,0.0,PROJECT Mandays Supp
09/01/2026,Project - Contract Mandays,37711.2,0.0,PROJECT Mandays HMRC
09/01/2026,Project - Contract Mandays,124099.75,0.0,PROJECT Mandays Supp
09/01/2026,Project - Contract Mandays,55226.5,0.0,PROJECT Mandays Supp
09/01/2026,Project - Contract Mandays,36086.4,0.0,PROJECT Mandays HMRC
09/01/2026,Project - Contract Mandays,-34759.73,0.0,PROJECT Mandays Supp
09/01/2026,Contingent Labour,39560.4,0.0,Contingnt Labr-Other
09/01/2026,Contingent Labour,85715.08,0.0,Contingnt Labr-Other
09/01/2026,Contingent Labour,85715.08,0.0,Contingnt Labr-Other
09/01/2026,Contingent Labour,100850.86,0.0,Contingnt Labr-Other
09/01/2026,Contingent Labour,49225.43,0.0,Contingnt Labr-Other
09/01/2026,Contingent Labour,49225.43,0.0,Contingnt Labr-Other
09/01/2026,Contingent Labour,118377.6,0.0,Contingnt Labr-Other
09/01/2026,Contingent Labour,93535.2,0.0,Contingnt Labr-Other
09/01/2026,Contingent Labour,93535.2,0.0,Contingnt Labr-Other
09/01/2026,Contingent Labour,43513.8,0.0,Contingnt Labr-Other
09/01/2026,Contingent Labour,-43513.8,0.0,Contingnt Labr-Other
09/01/2026,Contingent Labour,43513.8,0.0,Contingnt Labr-Other
09/01/2026,Contingent Labour,96508.0,0.0,Contingnt Labr-Other
09/01/2026,Project - Contract Mandays (supplier controlled),227804.35,0.0,PROJECT Mandays Supp
09/01/2026,Project - Contract Mandays (supplier controlled),373792.15,0.0,PROJECT Mandays Supp
09/01/2026,Project - Contract Mandays (supplier controlled),423065.21,0.0,PROJECT Mandays Supp
09/01/2026,Project - Contract Mandays (supplier controlled),218256.15,0.0,PROJECT Mandays Supp
09/01/2026,Project - Contract Mandays (supplier controlled),32944.8,0.0,PROJECT Mandays Supp
09/01/2026,Project - Contract Mandays (supplier controlled),23814.63,0.0,PROJECT Mandays Supp
09/01/2026,Project - Contract Mandays (supplier controlled),104378.63,0.0,PROJECT Mandays Supp
09/01/2026,Tax research,24078.17,0.0,Tax research
09/01/2026,Tax research,36610.0,0.0,Tax research
09/01/2026,Project - Contract Mandays (supplier controlled),242192.89,0.0,PROJECT Mandays Supp
09/01/2026,Contractor Service,105941.97,0.0,Contin Labor Build
09/01/2026,Project - Contract Mandays (supplier controlled),103946.89,0.0,PROJECT Mandays Supp
09/01/2026,Project - Contract Mandays (supplier controlled),80473.41,0.0,PROJECT Mandays Supp
09/01/2026,Project - Contract Mandays (supplier controlled),9322.27,0.0,PROJECT Mandays Supp
09/01/2026,Project - Contract Mandays (supplier controlled),63585.0,0.0,PROJECT Mandays Supp
09/01/2026,Project - Contract Mandays (supplier controlled),49687.5,0.0,PROJECT Mandays Supp
09/01/2026,Project - Contract Mandays (supplier controlled),247192.89,0.0,PROJECT Mandays Supp
09/01/2026,Project - Contract Mandays (supplier controlled),230346.44,0.0,PROJECT Mandays Supp
09/01/2026,Project - Contract Mandays (supplier controlled),156916.25,0.0,PROJECT Mandays Supp
09/01/2026,Project - Contract Mandays (supplier controlled),66047.6,0.0,PROJECT Mandays Supp
09/01/2026,Project - Contract Mandays (supplier controlled),20382.4,0.0,PROJECT Mandays Supp
09/01/2026,Project - Contract Mandays (supplier controlled),8936.8,0.0,PROJECT Mandays Supp
09/01/2026,Project - Contract Mandays (supplier controlled),171107.61,0.0,PROJECT Mandays Supp
09/01/2026,Project - Contract Mandays (supplier controlled),142904.62,0.0,PROJECT Mandays Supp
09/01/2026,Project - Contract Mandays (supplier controlled),480561.72,0.0,PROJECT Mandays Supp
09/01/2026,Project - Contract Mandays (supplier controlled),976721.36,0.0,PROJECT Mandays Supp
09/01/2026,Contractor Serv Rn,860579.0,0.0,Contractor Serv Rn
09/01/2026,Project - Contract Mandays (supplier controlled),21630.0,0.0,PROJECT Mandays Supp
09/01/2026,Project - Contract Mandays (supplier controlled),50052.5,0.0,PROJECT Mandays Supp
09/01/2026,Project - Contract Mandays (supplier controlled),43515.88,0.0,PROJECT Mandays Supp
09/01/2026,Project - Contract Mandays (supplier controlled),437502.9,0.0,PROJECT Mandays Supp
09/01/2026,Project - Contract Mandays (supplier controlled),36421.13,0.0,PROJECT Mandays Supp
09/01/2026,Project - Contract Mandays (supplier controlled),30593.44,0.0,PROJECT Mandays Supp
09/01/2026,Project - Contract Mandays (supplier controlled),7198.5,0.0,PROJECT Mandays Supp
09/01/2026,Project - Contract Mandays (supplier controlled),24760.53,0.0,PROJECT Mandays Supp
09/01/2026,Contractor Serv Rn,238686.95,0.0,Contractor Serv Rn
09/01/2026,Project - Contract Mandays (supplier controlled),100409.12,0.0,PROJECT Mandays Supp
09/01/2026,Consultancy - Organisation and Change Management,99030.0,0.0,Consultancy - Organi
09/01/2026,Consultancy - Organisation and Change Management,99030.0,0.0,Consultancy - Organi
12/01/2026,Consultancy - Organisation and Change Management,33010.0,0.0,Consultancy - Organi
12/01/2026,Consultancy - Organisation and Change Management,99030.0,0.0,Consultancy - Organi
12/01/2026,Project support,27741.6,0.0,Project support
12/01/2026,Project support,-1264.0,0.0,Project support
12/01/2026,Software Licence Support - off the shelf,38757.6,0.0,SW Lic Sup Off shlf
12/01/2026,Project Development,115829.5,0.0,Project Development
12/01/2026,Project Development,46478.26,0.0,Project Development
12/01/2026,Project Development,24702.06,0.0,Project Development
12/01/2026,Project Development,42426.07,0.0,Project Development
12/01/2026,Project Development,21349.17,0.0,Project Development
12/01/2026,government procur.,90409.5,0.0,government procur.
12/01/2026,Legal services,152513.97,0.0,Legal services
12/01/2026,Project - Contract Mandays (supplier controlled),268677.5,0.0,PROJECT Mandays Supp
12/01/2026,Project - Contract Mandays (supplier controlled),53138.19,0.0,PROJECT Mandays Supp
12/01/2026,Software Licence Support - off the shelf,104676.92,0.0,SW Lic Sup Off shlf
12/01/2026,Project - Contract Mandays (supplier controlled),43896.86,0.0,PROJECT Mandays Supp
12/01/2026,Project - Contract Mandays (supplier controlled),70986.03,0.0,PROJECT Mandays Supp
12/01/2026,Project - Contract Mandays (supplier controlled),36572.87,0.0,PROJECT Mandays Supp
12/01/2026,Project - Contract Mandays (supplier controlled),290845.53,0.0,PROJECT Mandays Supp
12/01/2026,Project - Contract Mandays (HMRC controlled),25729.42,0.0,PROJECT Mandays HMRC
12/01/2026,Project - Contract Mandays (supplier controlled),49935.69,0.0,PROJECT Mandays Supp
12/01/2026,Project - Contract Mandays (supplier controlled),54073.48,0.0,PROJECT Mandays Supp
12/01/2026,Project - Contract Mandays (supplier controlled),29836.41,0.0,PROJECT Mandays Supp
12/01/2026,Project - Contract Mandays (supplier controlled),177367.35,0.0,PROJECT Mandays Supp
12/01/2026,Project - Contract Mandays (supplier controlled),35484.41,0.0,PROJECT Mandays Supp
12/01/2026,Physical Hosting and Infrastructure,57458.07,0.0,Physical Hosting
12/01/2026,Project - Contract Mandays (supplier controlled),106423.6,0.0,PROJECT Mandays Supp
12/01/2026,Project - Contract Mandays (supplier controlled),101413.29,0.0,PROJECT Mandays Supp
12/01/2026,Project - Contract Mandays (supplier controlled),21396.0,0.0,PROJECT Mandays Supp
12/01/2026,Project - Contract Mandays (supplier controlled),67167.59,0.0,PROJECT Mandays Supp
12/01/2026,Project - Contract Mandays (supplier controlled),28046.82,0.0,PROJECT Mandays Supp
12/01/2026,Project - Contract Mandays (supplier controlled),22715.11,0.0,PROJECT Mandays Supp
12/01/2026,Project - Contract Mandays (supplier controlled),32102.33,0.0,PROJECT Mandays Supp
12/01/2026,Desktop Services,41740.62,0.0,Desktop Services
12/01/2026,Desktop Services,162955.15,0.0,Desktop Services
12/01/2026,Desktop Services,182825.23,0.0,Desktop Services
12/01/2026,Desktop Services,416666.67,0.0,Desktop Services
12/01/2026,Desktop Services,61429.53,0.0,Desktop Services
12/01/2026,Desktop Services,142087.9,0.0,Desktop Services
12/01/2026,Desktop Services,47628.65,0.0,Desktop Services
12/01/2026,Desktop Services,59391.87,0.0,Desktop Services
12/01/2026,Desktop Services,24582.8,0.0,Desktop Services
12/01/2026,Desktop Services,53056.88,0.0,Desktop Services
12/01/2026,Desktop Services,193238.55,0.0,Desktop Services
12/01/2026,Desktop Services,277931.86,0.0,Desktop Services
12/01/2026,Software Licence Support ,44431.58,0.0,SW Lic Sup mngd Serv
12/01/2026,Software Licence Support ,44431.58,0.0,SW Lic Sup mngd Serv
12/01/2026,Software Licence Support ,44431.58,0.0,SW Lic Sup mngd Serv
12/01/2026,Physical Hosting and Infrastructure,1701415.5,0.0,Physical Hosting and Infrastructure
12/01/2026,Software Licences - supplier bespoked ,272389.12,0.0,Soft Licen Off Bespo
12/01/2026,Software Licences - off the shelf & not integral to IT Infrastructure,3450000.0,0.0,Soft Licen Off shelf
12/01/2026,Project support,90404.04,0.0,Project support
12/01/2026,Project - Contract Mandays (supplier controlled),666251.61,0.0,PROJECT Mandays Supp
12/01/2026,Project - Contract Mandays (supplier controlled),25435.62,0.0,PROJECT Mandays Supp
12/01/2026,Project - Contract Mandays (supplier controlled),57822.95,0.0,PROJECT Mandays Supp
12/01/2026,Project - Contract Mandays (supplier controlled),29165.7,0.0,PROJECT Mandays Supp
12/01/2026,Project - Contract Mandays (supplier controlled),45134.08,0.0,PROJECT Mandays Supp
13/01/2026,Project - Contract Mandays (supplier controlled),241718.4,0.0,PROJECT Mandays Supp
13/01/2026,Project - Contract Mandays (supplier controlled),248034.0,0.0,PROJECT Mandays Supp
13/01/2026,Project - Contract Mandays (supplier controlled),180536.32,0.0,PROJECT Mandays Supp
13/01/2026,Project - Contract Mandays (supplier controlled),295433.6,0.0,PROJECT Mandays Supp
13/01/2026,Project - Contract Mandays (supplier controlled),26515.2,0.0,PROJECT Mandays Supp
13/01/2026,Project - Contract Mandays (supplier controlled),72916.8,0.0,PROJECT Mandays Supp
13/01/2026,Project - Contract Mandays (supplier controlled),121528.0,0.0,PROJECT Mandays Supp
13/01/2026,Project - Contract Mandays (supplier controlled),119344.0,0.0,PROJECT Mandays Supp
13/01/2026,Project - Contract Mandays (supplier controlled),105024.0,0.0,PROJECT Mandays Supp
13/01/2026,Project - Contract Mandays (supplier controlled),2901201.06,0.0,PROJECT Mandays Supp
13/01/2026,Project - Contract Mandays (supplier controlled),508544.4,0.0,PROJECT Mandays Supp
13/01/2026,Project Development,883610.49,0.0,Project Development
13/01/2026,Project Development,1226006.49,0.0,Project Development
13/01/2026,Project Development,76685.25,0.0,Project Development
13/01/2026,Project Development,70512.5,0.0,Project Development
13/01/2026,Project Development,24925.0,0.0,Project Development
13/01/2026,Project Development,723943.75,0.0,Project Development
13/01/2026,Project Development,56262.5,0.0,Project Development
13/01/2026,Project Development,43256.25,0.0,Project Development
13/01/2026,Project Development,81400.0,0.0,Project Development
13/01/2026,Project Development,78575.0,0.0,Project Development
13/01/2026,Project Development,43487.5,0.0,Project Development
13/01/2026,Project Development,71925.0,0.0,Project Development
13/01/2026,Software Licences - off the shelf & not integral to IT Infrastructure,119134.08,0.0,Soft Licen Off shelf
13/01/2026,Software Licences - integral to IT Infrastructure,629200.0,0.0,Soft Licen Integral
13/01/2026,Software Licences - off the shelf & not integral to IT Infrastructure,53424.0,0.0,Soft Licen Off shelf
13/01/2026,Software Licences - integral to IT Infrastructure,1214359.02,0.0,Soft Licen Integral
13/01/2026,IT Software Licenses and Support,1604359.02,0.0,IT Software Licenses and Support
13/01/2026,IT Software Licenses and Support,22680664.0,0.0,IT Software Licenses and Support
13/01/2026,Project - Contract Mandays (supplier controlled),23114.5,0.0,PROJECT Mandays Supp
13/01/2026,Project - Contract Mandays (supplier controlled),40331.5,0.0,PROJECT Mandays Supp
13/01/2026,Project - Contract Mandays (supplier controlled),33026.5,0.0,PROJECT Mandays Supp
13/01/2026,Project - Contract Mandays (supplier controlled),36727.62,0.0,PROJECT Mandays Supp
13/01/2026,Project - Contract Mandays (supplier controlled),22414.99,0.0,PROJECT Mandays Supp
13/01/2026,Project - Contract Mandays (supplier controlled),94105.61,0.0,PROJECT Mandays Supp
13/01/2026,Project - Contract Mandays (supplier controlled),23356.44,0.0,PROJECT Mandays Supp
13/01/2026,Project - Contract Mandays (supplier controlled),36898.13,0.0,PROJECT Mandays Supp
13/01/2026,Project - Contract Mandays (supplier controlled),23373.75,0.0,PROJECT Mandays Supp
13/01/2026,Project - Contract Mandays (supplier controlled),33880.0,0.0,PROJECT Mandays Supp
13/01/2026,Project - Contract Mandays (supplier controlled),79000.0,0.0,PROJECT Mandays Supp
13/01/2026,Project - Contract Mandays (supplier controlled),23262.5,0.0,PROJECT Mandays Supp
13/01/2026,Project - Contract Mandays (supplier controlled),197100.0,0.0,PROJECT Mandays Supp
13/01/2026,Project - Contract Mandays (supplier controlled),138125.0,0.0,PROJECT Mandays Supp
13/01/2026,Project - Contract Mandays (supplier controlled),627231.25,0.0,PROJECT Mandays Supp
13/01/2026,Project - Contract Mandays (supplier controlled),45600.0,0.0,PROJECT Mandays Supp
13/01/2026,Project - Contract Mandays (supplier controlled),21037.5,0.0,PROJECT Mandays Supp
13/01/2026,Project - Contract Mandays (supplier controlled),93300.0,0.0,PROJECT Mandays Supp
13/01/2026,Project - Contract Mandays (supplier controlled),94600.0,0.0,PROJECT Mandays Supp
13/01/2026,Project - Contract Mandays (supplier controlled),27806.51,0.0,PROJECT Mandays Supp
13/01/2026,Software Licence Support ,420051.49,0.0,SW Lic Sup mngd Serv
13/01/2026,Software Licence Support - off the shelf,39103.34,0.0,SW Lic Sup Off shlf
13/01/2026,Project - Contract Mandays (supplier controlled),295872.55,0.0,PROJECT Mandays Supp
13/01/2026,Project - Contract Mandays (supplier controlled),29220.75,0.0,PROJECT Mandays Supp
13/01/2026,Project - Contract Mandays (supplier controlled),29710.99,0.0,PROJECT Mandays Supp
13/01/2026,Project - Contract Mandays (supplier controlled),143368.33,0.0,PROJECT Mandays Supp
13/01/2026,Consultancy - includes implementation (Irrecoverable VAT),104400.0,0.0,Cons ad imp (Ir VAT)
13/01/2026,Consultancy - includes implementation (Irrecoverable VAT),104400.0,0.0,Cons ad imp (Ir VAT)
13/01/2026,Project - Contract Mandays (supplier controlled),106617.77,0.0,PROJECT Mandays Supp
13/01/2026,Project - Contract Mandays (supplier controlled),148834.3,0.0,PROJECT Mandays Supp
13/01/2026,Project - Contract Mandays (supplier controlled),209094.42,0.0,PROJECT Mandays Supp
13/01/2026,Project - Contract Mandays (supplier controlled),23027.61,0.0,PROJECT Mandays Supp
14/01/2026,Desktop Managed Serv,217950.06,0.0,Desktop Managed Serv
14/01/2026,Computer accessories,115579.2,0.0,Computer accessories
14/01/2026,Project - Contract Mandays (supplier controlled),31233.8,0.0,PROJECT Mandays Supp
14/01/2026,Software Licence Support - off the shelf,33178.06,0.0,SW Lic Sup Off shlf
14/01/2026,Physical Hosting and Infrastructure,137517.24,0.0,Physical Hosting and Infrastructure
14/01/2026,Computer servers,56028.9,0.0,Computer servers
14/01/2026,Project Development,83017.61,0.0,Project Development
14/01/2026,Project Development,763146.43,0.0,Project Development
14/01/2026,Project Development,175403.94,0.0,Project Development
14/01/2026,Software Licence Support ,9245.06,0.0,SW Lic Sup mngd Serv
14/01/2026,Software Licence Support ,9245.06,0.0,SW Lic Sup mngd Serv
14/01/2026,Project - Contract Mandays (supplier controlled),44023.94,0.0,PROJECT Mandays Supp
14/01/2026,Project - Contract Mandays (supplier controlled),33824.26,0.0,PROJECT Mandays Supp
14/01/2026,Physical Hosting and Infrastructure,49513.46,0.0,Physical Hosting and Infrastructure
14/01/2026,Virtual Hosting and Infrastructure,22163.04,0.0,Virtual Hosting and Infrastructure
14/01/2026,Physical Hosting and Infrastructure,26018.53,0.0,Physical Hosting and Infrastructure
14/01/2026,Hardware maintenance,446500.0,0.0,Hardware maintenance
14/01/2026,Physical Hosting and Infrastructure,88193.69,0.0,Physical Hosting and Infrastructure
14/01/2026,Physical Hosting and Infrastructure,137562.77,0.0,Physical Hosting and Infrastructure
14/01/2026,Project - Contract Mandays (supplier controlled),22745.9,0.0,PROJECT Mandays Supp
14/01/2026,Electricity,73164.56,0.0,Electricity
14/01/2026,Physical Hosting and Infrastructure,219180.88,0.0,Physical Hosting
14/01/2026,Physical Hosting and Infrastructure,41634.41,0.0,Physical Hosting and Infrastructure
14/01/2026,Physical Hosting and Infrastructure,477663.4,0.0,Physical Hosting and Infrastructure
14/01/2026,SW Lic Sup Bespkd,51880.0,0.0,SW Lic Sup Bespkd
14/01/2026,Business Continuity & Disaster Recovery,49707.83,0.0,Business Continuity & Disaster Recovery
14/01/2026,Project - Contract Mandays (supplier controlled),27505.8,0.0,PROJECT Mandays Supp
14/01/2026,Management of Agreement & Admin Costs,564496.91,0.0,Management of Agreement & Admin Costs
14/01/2026,Project - Contract Mandays (supplier controlled),84266.4,0.0,PROJECT Mandays Supp
14/01/2026,Virtual Hosting and Infrastructure,63812.34,0.0,Virtual Hosting and Infrastructure
14/01/2026,Physical Hosting and Infrastructure,287451.52,0.0,Physical Hosting and Infrastructure
14/01/2026,Physical Hosting and Infrastructure,65660.26,0.0,Physical Hosting and Infrastructure
14/01/2026,Physical Hosting and Infrastructure,202076.77,0.0,Physical Hosting and Infrastructure
14/01/2026,Virtual Hosting and Infrastructure,269229.33,0.0,Virtual Hosting
14/01/2026,Project - Contract Mandays (supplier controlled),116453.89,0.0,PROJECT Mandays Supp
14/01/2026,Project - Contract Mandays (supplier controlled),26037.19,0.0,PROJECT Mandays Supp
14/01/2026,Contact Platform Services,534296.43,0.0,Contact Platform Ser
15/01/2026,Contact Platform Services,23653.34,0.0,Contact Platform Ser
15/01/2026,EU supply - Irr VAT,107277.02,0.0,EU supply - Irr VAT
15/01/2026,EU supply - Irr VAT,107277.02,0.0,EU supply - Irr VAT
15/01/2026,EU supply - Irr VAT,107277.02,0.0,EU supply - Irr VAT
15/01/2026,EU supply - Irr VAT,154659.94,0.0,EU supply - Irr VAT
15/01/2026,Contact Platform Services,117996.48,0.0,Contact Platform Ser
15/01/2026,Mobile call charges,52280.94,0.0,Mobile call charges
15/01/2026,Mobile Tel Charges,2856.31,0.0,Mobile Tel Charges
15/01/2026,Project - Contract Mandays (supplier controlled),152140.19,0.0,PROJECT Mandays Supp
15/01/2026,Project - Contract Mandays (supplier controlled),86437.64,0.0,PROJECT Mandays Supp
15/01/2026,Software Licences - integral to IT Infrastructure,106588.0,0.0,Soft Licen Integral
15/01/2026,Project - Contract Mandays (supplier controlled),112700.0,0.0,PROJECT Mandays Supp
15/01/2026,Project - Contract Mandays (supplier controlled),308000.0,0.0,PROJECT Mandays Supp
15/01/2026,Project - Contract Mandays (supplier controlled),90958.5,0.0,PROJECT Mandays Supp
15/01/2026,Project - Contract Mandays (supplier controlled),1221628.0,0.0,PROJECT Mandays Supp
15/01/2026,Project - Contract Mandays (supplier controlled),102811.5,0.0,PROJECT Mandays Supp
15/01/2026,Project Development,617830.63,0.0,Project Development
15/01/2026,Project Development,311815.46,0.0,Project Development
15/01/2026,Subscriptions to Publications (Irrecoverable VAT),51687.84,0.0,Subscriptions to Pub
15/01/2026,Subscriptions to Publications (Irrecoverable VAT),47064.11,0.0,Subscriptions to Pub
15/01/2026,Government departments services,-55926.26,0.0,Govt dept services
15/01/2026,Government departments services,335557.54,0.0,Govt dept services
15/01/2026,Government departments services,-30705.25,0.0,Govt dept services
15/01/2026,Government departments services,184231.49,0.0,Govt dept services
15/01/2026,Project - Contract Mandays (supplier controlled),66500.0,0.0,PROJECT Mandays Supp
15/01/2026,Project - Contract Mandays (supplier controlled),57103.41,0.0,PROJECT Mandays Supp
15/01/2026,Project - Contract Mandays (supplier controlled),34391.67,0.0,PROJECT Mandays Supp
15/01/2026,Project - Contract Mandays (supplier controlled),43050.0,0.0,PROJECT Mandays Supp
15/01/2026,Software Licence Support ,253515.09,0.0,SW Lic Sup mngd Serv
15/01/2026,Project - Contract Mandays (supplier controlled),52912.0,0.0,PROJECT Mandays Supp
15/01/2026,Project - Contract Mandays (supplier controlled),42885.0,0.0,PROJECT Mandays Supp
15/01/2026,IT Software Licenses and Support,901150.42,0.0,IT Software Licenses and Support
15/01/2026,Software Licences - off the shelf & not integral to IT Infrastructure,84315.75,0.0,Soft Licen Off shelf
15/01/2026,Project - Contract Mandays (HMRC controlled),432603.6,0.0,PROJECT Mandays HMRC
15/01/2026,Project - Contract Mandays (HMRC controlled),454755.2,0.0,PROJECT Mandays HMRC
15/01/2026,Project - Contract Mandays (HMRC controlled),-135518.72,0.0,PROJECT Mandays HMRC
15/01/2026,Software Licence Support - off the shelf,76068.72,0.0,SW Lic Sup Off shlf
15/01/2026,Software Licence Support - off the shelf,93996.38,0.0,SW Lic Sup Off shlf
15/01/2026,Project - Contract Mandays (supplier controlled),10786710.6,0.0,PROJECT Mandays Supp
15/01/2026,Project - Contract Mandays (HMRC controlled),26736.65,0.0,PROJECT Mandays HMRC
15/01/2026,Project - Contract Mandays (supplier controlled),83448.75,0.0,PROJECT Mandays Supp
15/01/2026,Project - Contract Mandays (supplier controlled),85791.1,0.0,PROJECT Mandays Supp
15/01/2026,Project - Contract Mandays (supplier controlled),96057.33,0.0,PROJECT Mandays Supp
15/01/2026,Project - Contract Mandays (supplier controlled),83448.75,0.0,PROJECT Mandays Supp
15/01/2026,Project - Contract Mandays (supplier controlled),271249.56,0.0,PROJECT Mandays Supp
15/01/2026,Project - Contract Mandays (HMRC controlled),87962.53,0.0,PROJECT Mandays HMRC
15/01/2026,Project - Contract Mandays (supplier controlled),24209.57,0.0,PROJECT Mandays Supp
15/01/2026,Project - Contract Mandays (supplier controlled),36216.03,0.0,PROJECT Mandays Supp
15/01/2026,Physical Hosting and Infrastructure,45348.57,0.0,Physical Hosting
15/01/2026,Project - Contract Mandays (supplier controlled),51067.86,0.0,PROJECT Mandays Supp
15/01/2026,Project - Contract Mandays (supplier controlled),88285.37,0.0,PROJECT Mandays Supp
15/01/2026,Consultancy - includes implementation (Irrecoverable VAT),224700.0,0.0,Cons ad imp (Ir VAT)
15/01/2026,Physical Hosting and Infrastructure,174315.96,0.0,Physical Hosting and Infrastructure
15/01/2026,Virtual Hosting and Infrastructure,68931.43,0.0,Virtual Hosting and Infrastructure
15/01/2026,Physical Hosting and Infrastructure,681941.81,0.0,Physical Hosting and Infrastructure
15/01/2026,Physical Hosting and Infrastructure,193157.36,0.0,Physical Hosting
15/01/2026,Virtual Hosting and Infrastructure,82691.89,0.0,Virtual Hosting
15/01/2026,Virtual Hosting and Infrastructure,20949.41,0.0,Virtual Hosting
15/01/2026,Virtual Hosting and Infrastructure,100216.26,0.0,Virtual Hosting
15/01/2026,Virtual Hosting and Infrastructure,67307.33,0.0,Virtual Hosting
15/01/2026,Project - Contract Mandays (supplier controlled),41124.0,0.0,PROJECT Mandays Supp
15/01/2026,Project - Contract Mandays (supplier controlled),22911.0,0.0,PROJECT Mandays Supp
15/01/2026,Project - Contract Mandays (supplier controlled),26607.0,0.0,PROJECT Mandays Supp
15/01/2026,Project - Contract Mandays (supplier controlled),186931.5,0.0,PROJECT Mandays Supp
15/01/2026,Project - Contract Mandays (supplier controlled),22911.0,0.0,PROJECT Mandays Supp
15/01/2026,Project - Contract Mandays (supplier controlled),41582.0,0.0,PROJECT Mandays Supp
15/01/2026,Project - Contract Mandays (supplier controlled),96085.0,0.0,PROJECT Mandays Supp
15/01/2026,Project - Contract Mandays (supplier controlled),38363.0,0.0,PROJECT Mandays Supp
15/01/2026,Project - Contract Mandays (supplier controlled),261052.0,0.0,PROJECT Mandays Supp
15/01/2026,Project - Contract Mandays (supplier controlled),479500.0,0.0,PROJECT Mandays Supp
15/01/2026,Project - Contract Mandays (supplier controlled),27191.0,0.0,PROJECT Mandays Supp
15/01/2026,Project - Contract Mandays (supplier controlled),54936.0,0.0,PROJECT Mandays Supp
15/01/2026,Project - Contract Mandays (supplier controlled),24648.0,0.0,PROJECT Mandays Supp
15/01/2026,Project - Contract Mandays (supplier controlled),29527.5,0.0,PROJECT Mandays Supp
15/01/2026,Project - Contract Mandays (supplier controlled),83025.0,0.0,PROJECT Mandays Supp
15/01/2026,Project - Contract Mandays (supplier controlled),71244.0,0.0,PROJECT Mandays Supp
15/01/2026,Project - Contract Mandays (supplier controlled),35175.0,0.0,PROJECT Mandays Supp
15/01/2026,Project - Contract Mandays (supplier controlled),36680.0,0.0,PROJECT Mandays Supp
15/01/2026,Project - Contract Mandays (supplier controlled),55020.0,0.0,PROJECT Mandays Supp
15/01/2026,Project - Contract Mandays (supplier controlled),33075.0,0.0,PROJECT Mandays Supp
15/01/2026,Project - Contract Mandays (supplier controlled),64050.0,0.0,PROJECT Mandays Supp
15/01/2026,Project - Contract Mandays (supplier controlled),135000.0,0.0,PROJECT Mandays Supp
15/01/2026,Project - Contract Mandays (supplier controlled),73360.0,0.0,PROJECT Mandays Supp
15/01/2026,Project - Contract Mandays (supplier controlled),38551.2,0.0,PROJECT Mandays Supp
15/01/2026,System Maintenance,641887.26,0.0,System Maintenance
15/01/2026,Project - Contract Mandays (supplier controlled),37518.0,0.0,PROJECT Mandays Supp
15/01/2026,Project - Contract Mandays (supplier controlled),22188.0,0.0,PROJECT Mandays Supp
15/01/2026,Physical Hosting and Infrastructure,793313.3,0.0,Physical Hosting and Infrastructure
15/01/2026,Physical Hosting and Infrastructure,55680.54,0.0,Physical Hosting and Infrastructure
15/01/2026,Virtual Hosting and Infrastructure,33071.67,0.0,Virtual Hosting and Infrastructure
16/01/2026,Virtual Hosting and Infrastructure,185322.36,0.0,Virtual Hosting and Infrastructure
16/01/2026,Physical Hosting and Infrastructure,59760.63,0.0,Physical Hosting and Infrastructure
16/01/2026,Physical Hosting and Infrastructure,530175.72,0.0,Physical Hosting and Infrastructure
16/01/2026,Virtual Hosting and Infrastructure,43578.16,0.0,Virtual Hosting
16/01/2026,Physical Hosting and Infrastructure,22282.37,0.0,Physical Hosting and Infrastructure
16/01/2026,Physical Hosting and Infrastructure,158256.78,0.0,Physical Hosting and Infrastructure
16/01/2026,Physical Hosting and Infrastructure,29729.31,0.0,Physical Hosting and Infrastructure
16/01/2026,Software Licences - integral to IT Infrastructure,458586.69,0.0,Soft Licen Integral
16/01/2026,Project - Contract Mandays (supplier controlled),53175.0,0.0,PROJECT Mandays Supp
16/01/2026,Project - Contract Mandays (supplier controlled),144840.0,0.0,PROJECT Mandays Supp
16/01/2026,Project - Contract Mandays (supplier controlled),124245.0,0.0,PROJECT Mandays Supp
16/01/2026,Physical Hosting and Infrastructure,41211.86,0.0,Physical Hosting and Infrastructure
16/01/2026,Software Licence Support - off the shelf,155343.16,0.0,SW Lic Sup Off shlf
16/01/2026,Software Licence Support - off the shelf,3322114.8,0.0,SW Lic Sup Off shlf
16/01/2026,Software Licence Support - off the shelf,87418.62,0.0,SW Lic Sup Off shlf
16/01/2026,Software Licence Support - off the shelf,127104.0,0.0,SW Lic Sup Off shlf
16/01/2026,Software Licences - off the shelf & not integral to IT Infrastructure,112022.4,0.0,Soft Licen Off shelf
16/01/2026,Software Licences - off the shelf & not integral to IT Infrastructure,60012.0,0.0,Soft Licen Off shelf
16/01/2026,Software Licences - off the shelf & not integral to IT Infrastructure,641787.95,0.0,Soft Licen Off shelf
16/01/2026,Virtual Hosting and Infrastructure,291269.13,0.0,Virtual Hosting
16/01/2026,Virtual Hosting and Infrastructure,-71040.54,0.0,Virtual Hosting
16/01/2026,Virtual Hosting and Infrastructure,-70684.78,0.0,Virtual Hosting
16/01/2026,Physical Hosting and Infrastructure,209368.17,0.0,Physical Hosting and Infrastructure
16/01/2026,Virtual Hosting and Infrastructure,73599.78,0.0,Virtual Hosting and Infrastructure
16/01/2026,Software Licence Support ,79170.33,0.0,SW Lic Sup mngd Serv
16/01/2026,Software Licence Support ,79170.33,0.0,SW Lic Sup mngd Serv
16/01/2026,Wide area network WAN maintenance or support,83957.52,0.0,WAN maint or supp
16/01/2026,Telephones - Landlines Rental,8504.69,0.0,Phones - LL Rental
16/01/2026,Wide area network WAN maintenance or support,190627.87,0.0,WAN maint or supp
16/01/2026,Software Licences - integral to IT Infrastructure,59365.0,0.0,Soft Licen Integral
16/01/2026,Software Licences - integral to IT Infrastructure,59365.0,0.0,Soft Licen Integral
16/01/2026,Project - Contract Mandays (supplier controlled),23635.0,0.0,PROJECT Mandays Supp
16/01/2026,Project - Contract Mandays (supplier controlled),71619.14,0.0,PROJECT Mandays Supp
16/01/2026,Project - Contract Mandays (supplier controlled),31890.94,0.0,PROJECT Mandays Supp
16/01/2026,Project - Contract Mandays (supplier controlled),55143.75,0.0,PROJECT Mandays Supp
16/01/2026,Project - Contract Mandays (supplier controlled),54495.0,0.0,PROJECT Mandays Supp
16/01/2026,Project Development,433685.27,0.0,Project Development
16/01/2026,Project Development,274046.84,0.0,Project Development
16/01/2026,Project - Contract Mandays (supplier controlled),40769.46,0.0,PROJECT Mandays Supp
16/01/2026,Project - Contract Mandays (supplier controlled),29660.27,0.0,PROJECT Mandays Supp
16/01/2026,Project - Contract Mandays (supplier controlled),405440.79,0.0,PROJECT Mandays Supp
16/01/2026,Project - Contract Mandays (supplier controlled),36331.81,0.0,PROJECT Mandays Supp
16/01/2026,Hardware maintenance,22225.64,0.0,Hardware maintenance
16/01/2026,Hardware maintenance,22225.64,0.0,Hardware maintenance
16/01/2026,Project - Contract Mandays (supplier controlled),543754.0,0.0,PROJECT Mandays Supp
16/01/2026,IT Software Licenses and Support,205149.05,0.0,IT Software Licenses and Support
16/01/2026,IT Software Licenses and Support,224743.84,0.0,IT Software Licenses and Support
16/01/2026,Project - Contract Mandays (supplier controlled),58912.47,0.0,PROJECT Mandays Supp
16/01/2026,Project - Contract Mandays (supplier controlled),392751.83,0.0,PROJECT Mandays Supp
16/01/2026,Project - Contract Mandays (supplier controlled),36125.3,0.0,PROJECT Mandays Supp
19/01/2026,Project - Contract Mandays (supplier controlled),49673.06,0.0,PROJECT Mandays Supp
19/01/2026,Project - Contract Mandays (supplier controlled),8864.71,0.0,PROJECT Mandays Supp
19/01/2026,Project - Contract Mandays (supplier controlled),102223.02,0.0,PROJECT Mandays Supp
19/01/2026,Project - Contract Mandays (supplier controlled),187150.0,0.0,PROJECT Mandays Supp
19/01/2026,Project - Contract Mandays (supplier controlled),38110.12,0.0,PROJECT Mandays Supp
19/01/2026,Project - Contract Mandays (supplier controlled),68083.2,0.0,PROJECT Mandays Supp
19/01/2026,Project - Contract Mandays (supplier controlled),23210.0,0.0,PROJECT Mandays Supp
19/01/2026,Software Licences - integral to IT Infrastructure,390000.0,0.0,Soft Licen Integral
19/01/2026,Project - Contract Mandays (supplier controlled),55907.0,0.0,PROJECT Mandays Supp
19/01/2026,IT Software Licenses and Support,332754.01,0.0,IT Software Licenses and Support
19/01/2026,Consultancy - Technical,154000.0,0.0,Consultancy - Techni
19/01/2026,IT Consultancy,38175.0,0.0,IT Consultancy
19/01/2026,Project - Contract Mandays (HMRC controlled),102060.0,0.0,PROJECT Mandays HMRC
19/01/2026,Project - Contract Mandays (HMRC controlled),51848.76,0.0,PROJECT Mandays HMRC
19/01/2026,Project - Contract Mandays (HMRC controlled),176480.4,0.0,PROJECT Mandays HMRC
19/01/2026,Project Development,75468.56,0.0,Project Development
19/01/2026,Virtual Hosting and Infrastructure,61052.63,0.0,Virtual Hosting
19/01/2026,Virtual Hosting and Infrastructure,1542376.28,0.0,Virtual Hosting and Infrastructure
19/01/2026,Virtual Hosting and Infrastructure,1559149.86,0.0,Virtual Hosting and Infrastructure
19/01/2026,Virtual Hosting and Infrastructure,1552050.45,0.0,Virtual Hosting
19/01/2026,Physical Hosting and Infrastructure,772671.19,0.0,Physical Hosting and Infrastructure
19/01/2026,Project - Contract Mandays (supplier controlled),208188.06,0.0,PROJECT Mandays Supp
19/01/2026,Project - Contract Mandays (HMRC controlled),28185.0,0.0,PROJECT Mandays HMRC
19/01/2026,Project - Contract Mandays (HMRC controlled),93307.5,0.0,PROJECT Mandays HMRC
19/01/2026,Project - Contract Mandays (HMRC controlled),26775.0,0.0,PROJECT Mandays HMRC
19/01/2026,Project - Contract Mandays (HMRC controlled),37350.0,0.0,PROJECT Mandays HMRC
19/01/2026,Project Development,678373.06,0.0,Project Development
19/01/2026,Project Development,133762.99,0.0,Project Development
19/01/2026,Software Licence Support - off the shelf,213400.56,0.0,SW Lic Sup Off shlf
19/01/2026,Software Licence Support - off the shelf,63102.7,0.0,SW Lic Sup Off shlf
19/01/2026,Software Licence Support - off the shelf,-39133.16,0.0,SW Lic Sup Off shlf
19/01/2026,Telephony Services,35185.72,0.0,Telephony Services
19/01/2026,Physical Hosting and Infrastructure,27941.93,0.0,Physical Hosting
19/01/2026,Project - Contract Mandays (supplier controlled),5195.41,0.0,PROJECT Mandays Supp
19/01/2026,Project - Contract Mandays (supplier controlled),5195.41,0.0,PROJECT Mandays Supp
19/01/2026,Project - Contract Mandays (supplier controlled),31172.48,0.0,PROJECT Mandays Supp
19/01/2026,Project - Contract Mandays (supplier controlled),5195.41,0.0,PROJECT Mandays Supp
19/01/2026,Project - Contract Mandays (supplier controlled),5195.42,0.0,PROJECT Mandays Supp
20/01/2026,Project - Contract Mandays (supplier controlled),95425.02,0.0,PROJECT Mandays Supp
20/01/2026,Project - Contract Mandays (supplier controlled),245458.15,0.0,PROJECT Mandays Supp
20/01/2026,Project - Contract Mandays (supplier controlled),576206.48,0.0,PROJECT Mandays Supp
20/01/2026,Physical Hosting and Infrastructure,325725.96,0.0,Physical Hosting
20/01/2026,Software Licence Support - off the shelf,96732.6,0.0,SW Lic Sup Off shlf
20/01/2026,Government Commercial Organisation,25600.0,0.0,GCO Costs
20/01/2026,Government Commercial Organisation,26600.0,0.0,GCO Costs
20/01/2026,Consultancy - includes implementation (Irrecoverable VAT),30000.0,0.0,Cons ad imp (Ir VAT)
20/01/2026,Gov Bank Serv Charge,25116.98,0.0,Gov Bank Serv Charge
20/01/2026,Software Licence Support - off the shelf,72004.2,0.0,SW Lic Sup Off shlf
20/01/2026,Software Licence Support - off the shelf,61200.0,0.0,SW Lic Sup Off shlf
20/01/2026,Project - Contract Mandays (supplier controlled),64786.33,0.0,PROJECT Mandays Supp
20/01/2026,Project - Contract Mandays (supplier controlled),38296.0,0.0,PROJECT Mandays Supp
20/01/2026,Project - Contract Mandays (supplier controlled),174589.13,0.0,PROJECT Mandays Supp
20/01/2026,Project - Contract Mandays (supplier controlled),30607.38,0.0,PROJECT Mandays Supp
20/01/2026,Project - Contract Mandays (supplier controlled),66328.95,0.0,PROJECT Mandays Supp
20/01/2026,Project - Contract Mandays (supplier controlled),25113.76,0.0,PROJECT Mandays Supp
20/01/2026,Research (VAT recoverable),110995.2,0.0,Research (VAT rec)
20/01/2026,Project support,21400.06,0.0,Project support
20/01/2026,GBS Operational bank charges,1452109.87,0.0,GBS Operational bank
20/01/2026,Project - Contract Mandays (supplier controlled),25321.02,0.0,PROJECT Mandays Supp
20/01/2026,Project - Contract Mandays (supplier controlled),21200.0,0.0,PROJECT Mandays Supp
20/01/2026,Project - Contract Mandays (supplier controlled),46701.46,0.0,PROJECT Mandays Supp
20/01/2026,Project - Contract Mandays (supplier controlled),103371.4,0.0,PROJECT Mandays Supp
20/01/2026,Project - Contract Mandays (supplier controlled),21621.87,0.0,PROJECT Mandays Supp
20/01/2026,Bus Int consultancy,96275.4,0.0,Bus Int consultancy
20/01/2026,Project - Contract Mandays (supplier controlled),606970.96,0.0,PROJECT Mandays Supp
20/01/2026,Project - Contract Mandays (HMRC controlled),252681.0,0.0,PROJECT Mandays HMRC
20/01/2026,Project - Contract Mandays (HMRC controlled),151608.6,0.0,PROJECT Mandays HMRC
20/01/2026,Project - Contract Mandays (HMRC controlled),62700.0,0.0,PROJECT Mandays HMRC
20/01/2026,Project - Contract Mandays (HMRC controlled),249546.0,0.0,PROJECT Mandays HMRC
20/01/2026,Project - Contract Mandays (HMRC controlled),249546.0,0.0,PROJECT Mandays HMRC
20/01/2026,Project - Contract Mandays (HMRC controlled),42636.0,0.0,PROJECT Mandays HMRC
20/01/2026,Project - Contract Mandays (HMRC controlled),61634.1,0.0,PROJECT Mandays HMRC
20/01/2026,Project - Contract Mandays (HMRC controlled),61634.1,0.0,PROJECT Mandays HMRC
20/01/2026,Project - Contract Mandays (HMRC controlled),50285.4,0.0,PROJECT Mandays HMRC
20/01/2026,Project - Contract Mandays (HMRC controlled),595650.0,0.0,PROJECT Mandays HMRC
21/01/2026,Project - Contract Mandays (HMRC controlled),50531.4,0.0,PROJECT Mandays HMRC
21/01/2026,Project - Contract Mandays (HMRC controlled),50536.2,0.0,PROJECT Mandays HMRC
21/01/2026,Project - Contract Mandays (supplier controlled),166382.36,0.0,PROJECT Mandays Supp
21/01/2026,Project - Contract Mandays (supplier controlled),140696.8,0.0,PROJECT Mandays Supp
21/01/2026,Project - Contract Mandays (supplier controlled),106299.72,0.0,PROJECT Mandays Supp
21/01/2026,Project - Contract Mandays (supplier controlled),61373.24,0.0,PROJECT Mandays Supp
21/01/2026,Project - Contract Mandays (supplier controlled),44335.0,0.0,PROJECT Mandays Supp
21/01/2026,Project - Contract Mandays (HMRC controlled),171927.9,0.0,PROJECT Mandays HMRC
21/01/2026,Project - Contract Mandays (supplier controlled),54606.25,0.0,PROJECT Mandays Supp
21/01/2026,Project - Contract Mandays (supplier controlled),53567.5,0.0,PROJECT Mandays Supp
21/01/2026,Project - Contract Mandays (supplier controlled),277303.92,0.0,PROJECT Mandays Supp
21/01/2026,Project - Contract Mandays (supplier controlled),234494.66,0.0,PROJECT Mandays Supp
21/01/2026,Project - Contract Mandays (supplier controlled),166382.36,0.0,PROJECT Mandays Supp
21/01/2026,Project - Contract Mandays (supplier controlled),74766.0,0.0,PROJECT Mandays Supp
21/01/2026,Project - Contract Mandays (supplier controlled),140696.8,0.0,PROJECT Mandays Supp
21/01/2026,Project - Contract Mandays (supplier controlled),22184.31,0.0,PROJECT Mandays Supp
21/01/2026,Project - Contract Mandays (supplier controlled),18759.57,0.0,PROJECT Mandays Supp
21/01/2026,Project - Contract Mandays (supplier controlled),63225.3,0.0,PROJECT Mandays Supp
21/01/2026,Project - Contract Mandays (supplier controlled),53464.78,0.0,PROJECT Mandays Supp
21/01/2026,Project - Contract Mandays (supplier controlled),115358.44,0.0,PROJECT Mandays Supp
21/01/2026,Project - Contract Mandays (supplier controlled),97549.78,0.0,PROJECT Mandays Supp
21/01/2026,Project - Contract Mandays (supplier controlled),33644.1,0.0,PROJECT Mandays Supp
21/01/2026,Project - Contract Mandays (supplier controlled),30812.5,0.0,PROJECT Mandays Supp
21/01/2026,Project - Contract Mandays (supplier controlled),43028.0,0.0,PROJECT Mandays Supp
21/01/2026,Project - Contract Mandays (supplier controlled),35381.3,0.0,PROJECT Mandays Supp
21/01/2026,Project - Contract Mandays (supplier controlled),138651.97,0.0,PROJECT Mandays Supp
21/01/2026,Project - Contract Mandays (supplier controlled),58700.0,0.0,PROJECT Mandays Supp
21/01/2026,Project - Contract Mandays (supplier controlled),117247.33,0.0,PROJECT Mandays Supp
21/01/2026,Project - Contract Mandays (HMRC controlled),90589.92,0.0,PROJECT Mandays HMRC
21/01/2026,Project - Contract Mandays (supplier controlled),159727.07,0.0,PROJECT Mandays Supp
21/01/2026,Project - Contract Mandays (supplier controlled),135068.93,0.0,PROJECT Mandays Supp
21/01/2026,Project - Contract Mandays (supplier controlled),164000.0,0.0,PROJECT Mandays Supp
21/01/2026,Project - Contract Mandays (supplier controlled),30000.0,0.0,PROJECT Mandays Supp
21/01/2026,Project - Contract Mandays (supplier controlled),36727.51,0.0,PROJECT Mandays Supp
21/01/2026,Project - Contract Mandays (supplier controlled),24742.07,0.0,PROJECT Mandays Supp
21/01/2026,Project - Contract Mandays (supplier controlled),35097.0,0.0,PROJECT Mandays Supp
21/01/2026,Grant Funding,682500.0,0.0,Grant in Aid Funding
21/01/2026,Grant Funding,360000.0,0.0,Grant in Aid Funding
21/01/2026,Consultancy - Technical,75411.0,0.0,Consultancy - Techni
21/01/2026,Software Licence Support ,268250.0,0.0,SW Lic Sup mngd Serv
21/01/2026,Forensic Services,110551.0,0.0,Forensic Services
21/01/2026,Disposal of Seized Goods,32182.71,0.0,Disposal Seized Gds
22/01/2026,Disposal of Seized Goods,91945.33,0.0,Disposal Seized Gds
22/01/2026,Vehicle servicing maintenance & repairs,58039.25,0.0,Vehicle servicing ma
22/01/2026,Software Licence Support - off the shelf,28225.2,0.0,SW Lic Sup Off shlf
22/01/2026,Software Licence Support - off the shelf,-70.8,0.0,SW Lic Sup Off shlf
22/01/2026,"Training, tuition and education",26530.0,0.0,Training and tuition
22/01/2026,Block Charges,637582.13,0.0,Block Charges
22/01/2026,Block Charges,91763.14,0.0,Block Charges
22/01/2026,Block Charges,29201.31,0.0,Block Charges
22/01/2026,Block Charges,96397.91,0.0,Block Charges
22/01/2026,Contractor Service,126613.13,0.0,Contin Labor Build
22/01/2026,Contractor Service,126613.13,0.0,Contin Labor Build
22/01/2026,Software Licence Support - off the shelf,200930.52,0.0,SW Lic Sup Off shlf
22/01/2026,Project - Contract Mandays (supplier controlled),115024.75,0.0,PROJECT Mandays Supp
22/01/2026,Project - Contract Mandays (supplier controlled),30710.78,0.0,PROJECT Mandays Supp
22/01/2026,Project - Contract Mandays (supplier controlled),43418.09,0.0,PROJECT Mandays Supp
22/01/2026,Project - Contract Mandays (supplier controlled),21097.68,0.0,PROJECT Mandays Supp
22/01/2026,Project - Contract Mandays (supplier controlled),38947.91,0.0,PROJECT Mandays Supp
22/01/2026,Physical Data Transfer,47168.6,0.0,Physical Data Transf
22/01/2026,Physical Data Transfer,60056.6,0.0,Physical Data Transf
22/01/2026,Project - Contract Mandays (supplier controlled),23874.49,0.0,PROJECT Mandays Supp
22/01/2026,Project - Contract Mandays (supplier controlled),80154.11,0.0,PROJECT Mandays Supp
22/01/2026,Project - Contract Mandays (supplier controlled),47589.47,0.0,PROJECT Mandays Supp
22/01/2026,Project - Contract Mandays (supplier controlled),50595.11,0.0,PROJECT Mandays Supp
22/01/2026,Software Licence Support - off the shelf,27264.6,0.0,SW Lic Sup Off shlf
22/01/2026,Project - Contract Mandays (supplier controlled),24535.7,0.0,PROJECT Mandays Supp
22/01/2026,VOA charges to HMRC for work on Inheritance Tax and Capital Gains Tax case valuations,717666.0,0.0,VOA
22/01/2026,Software Licences - off the shelf & not integral to IT Infrastructure,35400.0,0.0,Soft Licen Off shelf
22/01/2026,Consultancy - includes implementation (Irrecoverable VAT),38974.32,0.0,Cons ad imp (Ir VAT)
22/01/2026,Project - Contract Mandays (supplier controlled),23619.0,0.0,PROJECT Mandays Supp
22/01/2026,Government departments services (Vat Exempt),2172745.0,0.0,GovDept Serv(VAT Ex)
22/01/2026,Maintenance fees,187000.0,0.0,Maintenance fees
22/01/2026,Government departments services (Vat Exempt),515481.06,0.0,GovDept Serv(VAT Ex)
22/01/2026,Government departments services (Vat Exempt),1131145.78,0.0,GovDept Serv(VAT Ex)
22/01/2026,Debt collection services,3191485.85,0.0,Debt coll serv (DEL)
23/01/2026,Debt collection services,45343.41,0.0,Debt coll serv (DEL)
23/01/2026,National postal delivery services (Vat Recoverable),136193.06,0.0,Nat Pst Del Ser(VAT)
23/01/2026,National postal delivery services (Exempt VAT),27352.87,0.0,National postal EVAT
23/01/2026,National postal delivery services (Zero rated VAT),651.5,0.0,National postal ZVAT
23/01/2026,National postal delivery services (Exempt VAT),39245.76,0.0,National postal EVAT
23/01/2026,National postal delivery services (Vat Recoverable),721.38,0.0,Nat Pst Del Ser(VAT)
23/01/2026,National postal delivery services (Exempt VAT),4399993.22,0.0,National postal EVAT
23/01/2026,National postal delivery services (Zero rated VAT),8187.67,0.0,National postal ZVAT
23/01/2026,International Courier Service,107352.29,0.0,Internat. Courier
23/01/2026,Consultancy – IT,22748.0,0.0,Consultancy – IT
23/01/2026,Consultancy – IT,34121.0,0.0,Consultancy – IT
23/01/2026,Scanning Services,329069.37,0.0,Scanning Services
23/01/2026,Contracted Services,141693.12,0.0,Contracted Services
23/01/2026,Contracted Services,553054.57,0.0,Contracted Services
23/01/2026,Contracted Services,28696.08,0.0,Contracted Services
23/01/2026,Contracted Services,29415.54,0.0,Contracted Services
23/01/2026,Mailing or mail pick up or delivery services,51123.0,0.0,Mail/pickup/del serv
23/01/2026,Project - Contract Mandays (supplier controlled),34948.3,0.0,PROJECT Mandays Supp
23/01/2026,Project - Contract Mandays (supplier controlled),32674.39,0.0,PROJECT Mandays Supp
23/01/2026,Project - Contract Mandays (supplier controlled),50986.43,0.0,PROJECT Mandays Supp
23/01/2026,Project - Contract Mandays (supplier controlled),21350.14,0.0,PROJECT Mandays Supp
23/01/2026,Consultancy - Technical,82530.82,0.0,Consultancy - Techni
23/01/2026,Govt Commercial Org,150106.32,0.0,Govt Commercial Org
23/01/2026,Project - Contract Mandays (supplier controlled),56700.0,0.0,PROJECT Mandays Supp
23/01/2026,Project - Contract Mandays (supplier controlled),21200.0,0.0,PROJECT Mandays Supp
23/01/2026,Occupational health or safety services,29912.5,0.0,OHS
23/01/2026,Grant Funding,197516.0,0.0,Grant in Aid Funding
23/01/2026,Grant Funding,25250.0,0.0,Grant in Aid Funding
23/01/2026,Grant Funding,30896.0,0.0,Grant in Aid Funding
23/01/2026,Grant Funding,87000.0,0.0,Grant in Aid Funding
23/01/2026,Grant Funding,35000.0,0.0,Grant in Aid Funding
23/01/2026,Grant Funding,28750.0,0.0,Grant in Aid Funding
23/01/2026,Research Services ,26486.0,0.0,Research (VAT rec)
23/01/2026,Research Services ,66725.0,0.0,Research (VAT rec)
23/01/2026,Research Services ,46455.99,0.0,Research (VAT rec)
23/01/2026,Research Services ,68700.0,0.0,Research (VAT rec)
23/01/2026,Project - Contract Mandays (supplier controlled),56654.28,0.0,PROJECT Mandays Supp
23/01/2026,Project - Contract Mandays (supplier controlled),31246.79,0.0,PROJECT Mandays Supp
23/01/2026,Project - Contract Mandays (supplier controlled),28239.17,0.0,PROJECT Mandays Supp
23/01/2026,Project - Contract Mandays (supplier controlled),102063.33,0.0,PROJECT Mandays Supp
23/01/2026,Project - Contract Mandays (supplier controlled),23603.51,0.0,PROJECT Mandays Supp
23/01/2026,Project - Contract Mandays (supplier controlled),26652.05,0.0,PROJECT Mandays Supp
23/01/2026,Project - Contract Mandays (supplier controlled),27392.35,0.0,PROJECT Mandays Supp
23/01/2026,Project - Contract Mandays (supplier controlled),29850.23,0.0,PROJECT Mandays Supp
23/01/2026,Project - Contract Mandays (supplier controlled),128193.47,0.0,PROJECT Mandays Supp
23/01/2026,Project - Contract Mandays (supplier controlled),111453.89,0.0,PROJECT Mandays Supp
23/01/2026,Project - Contract Mandays (supplier controlled),160718.26,0.0,PROJECT Mandays Supp
23/01/2026,Project - Contract Mandays (supplier controlled),103323.76,0.0,PROJECT Mandays Supp
23/01/2026,Project - Contract Mandays (supplier controlled),152249.67,0.0,PROJECT Mandays Supp
23/01/2026,Project - Contract Mandays (supplier controlled),94221.84,0.0,PROJECT Mandays Supp
23/01/2026,Project - Contract Mandays (supplier controlled),25132.59,0.0,PROJECT Mandays Supp
23/01/2026,Project - Contract Mandays (supplier controlled),23584.01,0.0,PROJECT Mandays Supp
23/01/2026,Project - Contract Mandays (supplier controlled),102867.51,0.0,PROJECT Mandays Supp
23/01/2026,Project - Contract Mandays (supplier controlled),77582.0,0.0,PROJECT Mandays Supp
23/01/2026,Project - Contract Mandays (supplier controlled),36263.75,0.0,PROJECT Mandays Supp
23/01/2026,Project - Contract Mandays (supplier controlled),29209.25,0.0,PROJECT Mandays Supp
23/01/2026,PROJECT Mandays Supp,71011.19,0.0,Contractor Serv Rn
23/01/2026,Project - Contract Mandays (supplier controlled),25860.38,0.0,PROJECT Mandays Supp
23/01/2026,Contingent Labr-Ops,30669.3,0.0,Contingent Labr-Ops
23/01/2026,Project - Contract Mandays (supplier controlled),54534.0,0.0,PROJECT Mandays Supp
23/01/2026,Project - Contract Mandays (supplier controlled),104092.5,0.0,PROJECT Mandays Supp
23/01/2026,IT Consultancy,25772.36,0.0,IT Consultancy
23/01/2026,IT Consultancy,62442.56,0.0,IT Consultancy
23/01/2026,Advertising campaign services,33585.0,0.0,Buying agent's fees
23/01/2026,Advertising campaign services,33.25,0.0,License or Reg fee
23/01/2026,Advertising campaign services,45668.91,0.0,Buying agent's fees
23/01/2026,Advertising campaign services,45.22,0.0,License or Reg fee
26/01/2026,Advertising campaign services,154132.51,0.0,Buying agent's fees
26/01/2026,Advertising campaign services,152.6,0.0,License or Reg fee
26/01/2026,Advertising campaign services,205635.28,0.0,Buying agent's fees
26/01/2026,Advertising campaign services,203.6,0.0,License or Reg fee
26/01/2026,Advertising campaign services,268584.78,0.0,Buying agent's fees
26/01/2026,Advertising campaign services,31970.54,0.0,Buying agent's fees
26/01/2026,Advertising campaign services,20917.44,0.0,Buying agent's fees
26/01/2026,Advertising campaign services,78337.24,0.0,Buying agent's fees
26/01/2026,Advertising campaign services,77.56,0.0,License or Reg fee
26/01/2026,Advertising campaign services,194341.69,0.0,Buying agent's fees
26/01/2026,Advertising campaign services,192.42,0.0,License or Reg fee
26/01/2026,Advertising campaign services,22134.26,0.0,Buying agent's fees
26/01/2026,Advertising campaign services,21.91,0.0,License or Reg fee
26/01/2026,Advertising campaign services,22725.0,0.0,Ad campaign ser.
26/01/2026,Advertising campaign services,39717.64,0.0,Buying agent's fees
26/01/2026,Advertising campaign services,39.23,0.0,License or Reg fee
26/01/2026,Advertising campaign services,107450.84,0.0,Buying agent's fees
26/01/2026,Advertising campaign services,105.83,0.0,License or Reg fee
26/01/2026,Advertising campaign services,121927.99,0.0,Buying agent's fees
26/01/2026,Advertising campaign services,119.59,0.0,License or Reg fee
26/01/2026,Advertising campaign services,30745.0,0.0,Ad campaign ser.
26/01/2026,Advertising campaign services,121710.55,0.0,Buying agent's fees
26/01/2026,Advertising campaign services,120.5,0.0,License or Reg fee
26/01/2026,Advertising campaign services,37025.96,0.0,Buying agent's fees
26/01/2026,Advertising campaign services,36.66,0.0,License or Reg fee
26/01/2026,Advertising campaign services,24033.32,0.0,Buying agent's fees
26/01/2026,Advertising campaign services,23.57,0.0,License or Reg fee
26/01/2026,Advertising campaign services,74532.67,0.0,Buying agent's fees
26/01/2026,Advertising campaign services,73.79,0.0,License or Reg fee
26/01/2026,Advertising campaign services,42440.47,0.0,Buying agent's fees
26/01/2026,Advertising campaign services,42.02,0.0,License or Reg fee
26/01/2026,Advertising campaign services,65770.82,0.0,Buying agent's fees
26/01/2026,Advertising campaign services,65.12,0.0,License or Reg fee
26/01/2026,Advertising campaign services,50489.93,0.0,Buying agent's fees
26/01/2026,Advertising campaign services,49.99,0.0,License or Reg fee
26/01/2026,Advertising campaign services,39700.06,0.0,Buying agent's fees
26/01/2026,Advertising campaign services,38.67,0.0,License or Reg fee
26/01/2026,Advertising campaign services,36325.22,0.0,Buying agent's fees
26/01/2026,Advertising campaign services,35.77,0.0,License or Reg fee
26/01/2026,Advertising campaign services,30918.95,0.0,Buying agent's fees
26/01/2026,Advertising campaign services,30.61,0.0,License or Reg fee
26/01/2026,Advertising campaign services,159747.93,0.0,Buying agent's fees
26/01/2026,Advertising campaign services,158.16,0.0,License or Reg fee
26/01/2026,Advertising campaign services,22118.98,0.0,Buying agent's fees
26/01/2026,Advertising campaign services,21.9,0.0,License or Reg fee
26/01/2026,Software Licences,45360.0,0.0,Library services
26/01/2026,Consultancy-IT,117132.0,0.0,Contin Labor Build
26/01/2026,Consultancy-IT,55326.0,0.0,Contin Labor Build
26/01/2026,Consultancy-IT,56835.0,0.0,Contin Labor Build
26/01/2026,Legal Services,42676.87,0.0,Legal Solicitors fee
26/01/2026,Legal Services,148749.0,0.0,Legal Solicitors fee
26/01/2026,Counsel Fees,31657.5,0.0,Counsel Fee VAT Irre
26/01/2026,Costs awarded against department,697610.0,0.0,Tribunal appellant costs
26/01/2026,Costs awarded against department,591118.36,0.0,Tribunal appellant costs
26/01/2026,Costs awarded against department,277390.0,0.0,Tribunal appellant costs
26/01/2026,Counsel Fees,28597.5,0.0,Counsel Fee VAT Irre
27/01/2026,Non-IT Contingent Labour,-54668.5,0.0,Non-IT Contingent Labour
27/01/2026,Non-IT Contingent Labour,-37136.69,0.0,Non-IT Contingent Labour
27/01/2026,Non-IT Contingent Labour,-26409.83,0.0,Non-IT Contingent Labour
27/01/2026,Non-IT Contingent Labour,-30729.36,0.0,Non-IT Contingent Labour
27/01/2026,Non-IT Contingent Labour,-41938.15,0.0,Non-IT Contingent Labour
27/01/2026,Non-IT Contingent Labour,34050.68,0.0,Non-IT Contingent Labour
27/01/2026,Non-IT Contingent Labour,43586.02,0.0,Non-IT Contingent Labour
27/01/2026,Non-IT Contingent Labour,57521.64,0.0,Non-IT Contingent Labour
27/01/2026,Non-IT Contingent Labour,38363.74,0.0,Non-IT Contingent Labour
27/01/2026,Non-IT Contingent Labour,27353.24,0.0,Non-IT Contingent Labour
27/01/2026,Counsel Fees,0.05,0.0,Counsel Fee VAT Irre
27/01/2026,Counsel Fees,34146.07,0.0,Counsel Fee VAT Irre
27/01/2026,Non-IT Contingent Labour,-28678.9,0.0,Non-IT Contingent Labour
27/01/2026,Non-IT Contingent Labour,29805.77,0.0,Non-IT Contingent Labour
27/01/2026,Non-IT Contingent Labour,-43120.07,0.0,Non-IT Contingent Labour
27/01/2026,Non-IT Contingent Labour,-28041.22,0.0,Non-IT Contingent Labour
27/01/2026,Non-IT Contingent Labour,-39255.5,0.0,Non-IT Contingent Labour
27/01/2026,Non-IT Contingent Labour,29143.03,0.0,Non-IT Contingent Labour
27/01/2026,Non-IT Contingent Labour,40797.96,0.0,Non-IT Contingent Labour
27/01/2026,Non-IT Contingent Labour,44814.37,0.0,Non-IT Contingent Labour
27/01/2026,File archive and destruction services,254804.26,0.0,File archive storage
27/01/2026,File archive and destruction services,36655.84,0.0,File archive storage
27/01/2026,Monthly electricity for HMRC buildings across UK,-75097.69,0.0,Utility Payments - electricity
27/01/2026,Monthly electricity for HMRC buildings across UK,-79022.12,0.0,Utility Payments - electricity
27/01/2026,Monthly electricity for HMRC buildings across UK,-37185.34,0.0,Utility Payments - electricity
27/01/2026,Monthly electricity for HMRC buildings across UK,-35978.52,0.0,Utility Payments - electricity
27/01/2026,Monthly electricity for HMRC buildings across UK,86121.42,0.0,Utility Payments - electricity
27/01/2026,Monthly electricity for HMRC buildings across UK,186081.04,0.0,Utility Payments - electricity
27/01/2026,Monthly electricity for HMRC buildings across UK,29203.58,0.0,Utility Payments - electricity
27/01/2026,Monthly electricity for HMRC buildings across UK,75163.44,0.0,Utility Payments - electricity
27/01/2026,Monthly electricity for HMRC buildings across UK,76814.25,0.0,Utility Payments - electricity
27/01/2026,Monthly electricity for HMRC buildings across UK,55408.33,0.0,Utility Payments - electricity
28/01/2026,Monthly electricity for HMRC buildings across UK,59099.06,0.0,Utility Payments - electricity
28/01/2026,Monthly electricity for HMRC buildings across UK,90091.15,0.0,Utility Payments - electricity
28/01/2026,Monthly electricity for HMRC buildings across UK,37284.52,0.0,Utility Payments - electricity
28/01/2026,Monthly electricity for HMRC buildings across UK,83049.25,0.0,Utility Payments - electricity
28/01/2026,Monthly electricity for HMRC buildings across UK,36808.67,0.0,Utility Payments - electricity
28/01/2026,Monthly electricity for HMRC buildings across UK,106516.06,0.0,Utility Payments - electricity
28/01/2026,Monthly electricity for HMRC buildings across UK,33510.8,0.0,Utility Payments - electricity
28/01/2026,Monthly electricity for HMRC buildings across UK,72210.85,0.0,Utility Payments - electricity
28/01/2026,Monthly electricity for HMRC buildings across UK,100379.2,0.0,Utility Payments - electricity
28/01/2026,Monthly electricity for HMRC buildings across UK,64797.63,0.0,Utility Payments - electricity
28/01/2026,Monthly electricity for HMRC buildings across UK,25491.76,0.0,Utility Payments - electricity
28/01/2026,Monthly electricity for HMRC buildings across UK,44148.3,0.0,Utility Payments - electricity
28/01/2026,Monthly gas for HMRC buildings across UK,52589.81,0.0,Utility Payments - gas
28/01/2026,Monthly gas for HMRC buildings across UK,92094.54,0.0,Utility Payments - gas
28/01/2026,Monthly gas for HMRC buldings across UK,36772.98,0.0,Utility Payments - gas
28/01/2026,Monthly gas for HMRC buildings across UK,27181.19,0.0,Utility Payments - gas
28/01/2026,Minor project works,49971.64,0.0,Minor Wrks Rec VAT
28/01/2026,PCSA Enabling works for Construction works - Scotland,150020.05,0.0,Office Fit Rec VAT
28/01/2026,"Newcastle, Benton Park View - Replacement of Butterfly Valves to wet systems",26139.3,0.0,Lifecycle Replace
28/01/2026,Birmingham Regional Centre - Water Booster Pump and Water Hygiene Works,100970.4,0.0,Lifecycle Replace
28/01/2026,Birmingham Regional Centre - Ceiling Tile Survey,60144.63,0.0,Lifecycle Replace
28/01/2026,East Kilbride - Furniture,48163.2,0.0,Chairs
28/01/2026,Accommodation Security Services,23901.69,0.0,Accommodation Security Services
28/01/2026,Accommodation Security Services,1461851.86,0.0,Accommodation Security Services
28/01/2026,Strategic Support Services,29881.82,0.0,Cons ad imp (Ir VAT)
28/01/2026,Professional Services - Property Management,285664.76,0.0,Prop. Man. (Ir VAT)
28/01/2026,Property Rent,118473.0,0.0,OGD costs
29/01/2026,Professional Services - Property Management,46166.77,0.0,Property services
29/01/2026,Professional Services - Property Management,137.5,0.0,Prop. Man. (Ir VAT)
29/01/2026,Professional Services - Property Management,17536.8,0.0,Prop. Man. (Ir VAT)
29/01/2026,Property Rent,740789.7,0.0,Rent (Irrec VAT)
29/01/2026,Professional Services - Property Management,59545.5,0.0,Prop. Man. (Ir VAT)
29/01/2026,Property Rent,933738.37,0.0,Rent (Irrec VAT)
29/01/2026,Property Rent,1613649.77,0.0,Rent (Irrec VAT)
29/01/2026,Public Finance Initiative Unitary Charge,2708032.45,0.0,Oth PFI unitary chrg
29/01/2026,Internal Courier Service,33543.62,0.0,Courier Services
29/01/2026,Professional Services - Property Management,97983.76,0.0,Property management
29/01/2026,Professional Services - Property Management,1061764.24,0.0,Property management
29/01/2026,Professional Services - Property Management,196061.38,0.0,Property management
29/01/2026,Professional Services - Property Management,287167.93,0.0,Property management
29/01/2026,Government departments services,30099.6,0.0,Govt dept services
29/01/2026,Govt dept services,2241938.0,0.0,CS Org Dev & Des.
29/01/2026,IT software & support,702751.0,0.0,SW Lic Sup Bespkd
29/01/2026,Training ,1511550.0,0.0,Training and tuition
29/01/2026,Cross Government Services,238150.64,0.0,Cross Government Ser
29/01/2026,Employee education,65000.0,0.0,Employee education
29/01/2026,Recruitment Advert.,37650.0,0.0,Recruitment Advert.
29/01/2026,Recruitment Advert.,365087.26,0.0,Recruitment Advert.
29/01/2026,Occupational health or safety services,224249.51,0.0,OHS
29/01/2026,Occupational health or safety services,22909.25,0.0,OHS
29/01/2026,Legal Service; Solicitors fees,38019.09,0.0,Legal Solicitors fee
29/01/2026,Legal Service; Solicitors fees,22637.05,0.0,Legal Solicitors fee
29/01/2026,Legal Service; Solicitors fees,162987.03,0.0,Legal Solicitors fee
29/01/2026,Recruitment services,58267.0,0.0,Recruitment services
29/01/2026,Software Licences - supplier bespoked ,57300.0,0.0,Soft Licen Off Bespo
30/01/2026,Construction & Fit Out - Telford,360745.43,0.0,Office Fit Irrec VAT
30/01/2026,Construction & Fit Out - Telford,302229.89,0.0,Office Fit Irrec VAT
30/01/2026,Consultancy - includes implementation (Irrecoverable VAT),78000.0,0.0,Cons ad imp (Ir VAT)
30/01/2026,Project - Contract Mandays (supplier controlled),323409.38,0.0,PROJECT Mandays Supp
30/01/2026,Project - Contract Mandays (supplier controlled),347559.38,0.0,PROJECT Mandays Supp
30/01/2026,Project - Contract Mandays (supplier controlled),112874.3,0.0,PROJECT Mandays Supp
30/01/2026,Project - Contract Mandays (supplier controlled),69674.4,0.0,PROJECT Mandays Supp
30/01/2026,Project - Contract Mandays (HMRC controlled),39416.81,0.0,PROJECT Mandays HMRC
30/01/2026,Project - Contract Mandays (supplier controlled),26910.0,0.0,PROJECT Mandays Supp
30/01/2026,Project - Contract Mandays (supplier controlled),22064.75,0.0,PROJECT Mandays Supp
30/01/2026,Contractor Service,30997.62,0.0,Contin Labor Build
30/01/2026,Contractor Service,109123.16,0.0,Contin Labor Build
30/01/2026,Project support,113511.42,0.0,Project support
30/01/2026,Project - Contract Mandays (supplier controlled),79563.8,0.0,PROJECT Mandays Supp
30/01/2026,Project - Contract Mandays (HMRC controlled),1011368.27,0.0,PROJECT Mandays HMRC
30/01/2026,Consultancy – IT,1268958.16,0.0,Consultancy – IT
30/01/2026,Consultancy – IT,1028354.88,0.0,Consultancy – IT
30/01/2026,Desktop Managed Serv,24552.0,0.0,Desktop Managed Serv
30/01/2026,Consultancy – IT,167832.49,0.0,Consultancy – IT
30/01/2026,Government Recruitment Services charges,80472.25,0.0,CS Government Recrut
30/01/2026,Pre-employment checks,68100.0,0.0,Recruitment services
30/01/2026,ICT migration services,956442.0,0.0,Cross Government Ser
30/01/2026,Contingency arrangement for IT hardware,35841.49,0.0,Cross Government Ser
30/01/2026,IT cloud migration services,80456.39,0.0,Cross Government Ser
30/01/2026,IT support & maintenance,27134.96,0.0,Cross Government Ser
